[Census.CalculatedValue],Current Order Status,Total Patients
2020-03-09 15:00:00.0000,IN PROGRESS,2
2020-03-09 16:00:00.0000,IN PROGRESS,2
2020-03-09 17:00:00.0000,IN PROGRESS,2
2020-03-09 18:00:00.0000,IN PROGRESS,2
2020-03-09 19:00:00.0000,IN PROGRESS,2
2020-03-09 20:00:00.0000,IN PROGRESS,2
2020-03-09 21:00:00.0000,IN PROGRESS,2
2020-03-09 22:00:00.0000,IN PROGRESS,2
2020-03-09 23:00:00.0000,IN PROGRESS,2
2020-03-10 00:00:00.0000,IN PROGRESS,4
2020-03-10 01:00:00.0000,IN PROGRESS,4
2020-03-10 02:00:00.0000,IN PROGRESS,4
2020-03-10 03:00:00.0000,IN PROGRESS,4
2020-03-10 04:00:00.0000,IN PROGRESS,4
2020-03-10 05:00:00.0000,IN PROGRESS,4
2020-03-10 06:00:00.0000,IN PROGRESS,4
2020-03-10 07:00:00.0000,IN PROGRESS,4
2020-03-10 08:00:00.0000,IN PROGRESS,4
2020-03-10 09:00:00.0000,IN PROGRESS,4
2020-03-10 10:00:00.0000,IN PROGRESS,4
2020-03-10 11:00:00.0000,IN PROGRESS,4
2020-03-10 12:00:00.0000,IN PROGRESS,4
2020-03-10 13:00:00.0000,IN PROGRESS,4
2020-03-10 14:00:00.0000,IN PROGRESS,4
2020-03-10 15:00:00.0000,IN PROGRESS,4
2020-03-10 16:00:00.0000,IN PROGRESS,4
2020-03-10 17:00:00.0000,IN PROGRESS,4
2020-03-10 18:00:00.0000,IN PROGRESS,4
2020-03-10 19:00:00.0000,IN PROGRESS,4
2020-03-10 20:00:00.0000,IN PROGRESS,4
2020-03-10 21:00:00.0000,IN PROGRESS,4
2020-03-10 22:00:00.0000,IN PROGRESS,4
2020-03-10 23:00:00.0000,IN PROGRESS,4
2020-03-11 00:00:00.0000,IN PROGRESS,4
2020-03-11 01:00:00.0000,IN PROGRESS,4
2020-03-11 02:00:00.0000,IN PROGRESS,4
2020-03-11 03:00:00.0000,IN PROGRESS,4
2020-03-11 04:00:00.0000,IN PROGRESS,4
2020-03-11 05:00:00.0000,IN PROGRESS,4
2020-03-11 06:00:00.0000,IN PROGRESS,4
2020-03-11 07:00:00.0000,IN PROGRESS,4
2020-03-11 08:00:00.0000,IN PROGRESS,4
2020-03-11 09:00:00.0000,IN PROGRESS,4
2020-03-11 10:00:00.0000,IN PROGRESS,4
2020-03-11 11:00:00.0000,IN PROGRESS,4
2020-03-11 12:00:00.0000,IN PROGRESS,4
2020-03-11 13:00:00.0000,IN PROGRESS,4
2020-03-11 14:00:00.0000,IN PROGRESS,4
2020-03-11 15:00:00.0000,IN PROGRESS,4
2020-03-11 16:00:00.0000,IN PROGRESS,4
2020-03-11 17:00:00.0000,IN PROGRESS,4
2020-03-11 18:00:00.0000,IN PROGRESS,4
2020-03-11 19:00:00.0000,IN PROGRESS,4
2020-03-11 20:00:00.0000,IN PROGRESS,4
2020-03-11 21:00:00.0000,IN PROGRESS,4
2020-03-11 22:00:00.0000,IN PROGRESS,4
2020-03-11 23:00:00.0000,IN PROGRESS,4
2020-03-12 00:00:00.0000,IN PROGRESS,5
2020-03-12 01:00:00.0000,IN PROGRESS,5
2020-03-12 02:00:00.0000,IN PROGRESS,5
2020-03-12 03:00:00.0000,IN PROGRESS,3
2020-03-12 03:00:00.0000,NEGATIVE,1
2020-03-12 03:00:00.0000,POSITIVE,1
2020-03-12 04:00:00.0000,IN PROGRESS,3
2020-03-12 04:00:00.0000,NEGATIVE,1
2020-03-12 04:00:00.0000,POSITIVE,1
2020-03-12 05:00:00.0000,IN PROGRESS,3
2020-03-12 05:00:00.0000,NEGATIVE,1
2020-03-12 05:00:00.0000,POSITIVE,1
2020-03-12 06:00:00.0000,IN PROGRESS,2
2020-03-12 06:00:00.0000,NEGATIVE,3
2020-03-12 06:00:00.0000,POSITIVE,1
2020-03-12 07:00:00.0000,IN PROGRESS,1
2020-03-12 07:00:00.0000,NEGATIVE,4
2020-03-12 07:00:00.0000,POSITIVE,1
2020-03-12 08:00:00.0000,IN PROGRESS,1
2020-03-12 08:00:00.0000,NEGATIVE,4
2020-03-12 08:00:00.0000,POSITIVE,1
2020-03-12 09:00:00.0000,IN PROGRESS,1
2020-03-12 09:00:00.0000,NEGATIVE,4
2020-03-12 09:00:00.0000,POSITIVE,1
2020-03-12 10:00:00.0000,IN PROGRESS,1
2020-03-12 10:00:00.0000,NEGATIVE,4
2020-03-12 10:00:00.0000,POSITIVE,1
2020-03-12 11:00:00.0000,IN PROGRESS,1
2020-03-12 11:00:00.0000,NEGATIVE,4
2020-03-12 11:00:00.0000,POSITIVE,1
2020-03-12 12:00:00.0000,IN PROGRESS,2
2020-03-12 12:00:00.0000,NEGATIVE,4
2020-03-12 12:00:00.0000,POSITIVE,1
2020-03-12 13:00:00.0000,IN PROGRESS,2
2020-03-12 13:00:00.0000,NEGATIVE,4
2020-03-12 13:00:00.0000,POSITIVE,1
2020-03-12 14:00:00.0000,IN PROGRESS,3
2020-03-12 14:00:00.0000,NEGATIVE,4
2020-03-12 14:00:00.0000,POSITIVE,1
2020-03-12 15:00:00.0000,IN PROGRESS,4
2020-03-12 15:00:00.0000,NEGATIVE,4
2020-03-12 15:00:00.0000,POSITIVE,1
2020-03-12 16:00:00.0000,IN PROGRESS,4
2020-03-12 16:00:00.0000,NEGATIVE,4
2020-03-12 16:00:00.0000,POSITIVE,1
2020-03-12 17:00:00.0000,IN PROGRESS,7
2020-03-12 17:00:00.0000,NEGATIVE,4
2020-03-12 17:00:00.0000,POSITIVE,1
2020-03-12 18:00:00.0000,IN PROGRESS,8
2020-03-12 18:00:00.0000,NEGATIVE,4
2020-03-12 18:00:00.0000,POSITIVE,1
2020-03-12 19:00:00.0000,IN PROGRESS,8
2020-03-12 19:00:00.0000,NEGATIVE,4
2020-03-12 19:00:00.0000,POSITIVE,1
2020-03-12 20:00:00.0000,IN PROGRESS,8
2020-03-12 20:00:00.0000,NEGATIVE,4
2020-03-12 20:00:00.0000,POSITIVE,1
2020-03-12 21:00:00.0000,IN PROGRESS,8
2020-03-12 21:00:00.0000,NEGATIVE,4
2020-03-12 21:00:00.0000,POSITIVE,1
2020-03-12 22:00:00.0000,IN PROGRESS,11
2020-03-12 22:00:00.0000,NEGATIVE,4
2020-03-12 22:00:00.0000,POSITIVE,1
2020-03-12 23:00:00.0000,IN PROGRESS,11
2020-03-12 23:00:00.0000,NEGATIVE,4
2020-03-12 23:00:00.0000,POSITIVE,1
2020-03-13 00:00:00.0000,IN PROGRESS,13
2020-03-13 00:00:00.0000,NEGATIVE,4
2020-03-13 00:00:00.0000,POSITIVE,1
2020-03-13 01:00:00.0000,IN PROGRESS,13
2020-03-13 01:00:00.0000,NEGATIVE,4
2020-03-13 01:00:00.0000,POSITIVE,1
2020-03-13 02:00:00.0000,IN PROGRESS,13
2020-03-13 02:00:00.0000,NEGATIVE,4
2020-03-13 02:00:00.0000,POSITIVE,1
2020-03-13 03:00:00.0000,IN PROGRESS,13
2020-03-13 03:00:00.0000,NEGATIVE,4
2020-03-13 03:00:00.0000,POSITIVE,1
2020-03-13 04:00:00.0000,IN PROGRESS,13
2020-03-13 04:00:00.0000,NEGATIVE,4
2020-03-13 04:00:00.0000,POSITIVE,1
2020-03-13 05:00:00.0000,IN PROGRESS,13
2020-03-13 05:00:00.0000,NEGATIVE,4
2020-03-13 05:00:00.0000,POSITIVE,1
2020-03-13 06:00:00.0000,IN PROGRESS,14
2020-03-13 06:00:00.0000,NEGATIVE,4
2020-03-13 06:00:00.0000,POSITIVE,1
2020-03-13 07:00:00.0000,IN PROGRESS,14
2020-03-13 07:00:00.0000,NEGATIVE,4
2020-03-13 07:00:00.0000,POSITIVE,1
2020-03-13 08:00:00.0000,IN PROGRESS,14
2020-03-13 08:00:00.0000,NEGATIVE,4
2020-03-13 08:00:00.0000,POSITIVE,1
2020-03-13 09:00:00.0000,IN PROGRESS,14
2020-03-13 09:00:00.0000,NEGATIVE,4
2020-03-13 09:00:00.0000,POSITIVE,1
2020-03-13 10:00:00.0000,IN PROGRESS,14
2020-03-13 10:00:00.0000,NEGATIVE,4
2020-03-13 10:00:00.0000,POSITIVE,1
2020-03-13 11:00:00.0000,IN PROGRESS,15
2020-03-13 11:00:00.0000,NEGATIVE,4
2020-03-13 11:00:00.0000,POSITIVE,1
2020-03-13 12:00:00.0000,IN PROGRESS,16
2020-03-13 12:00:00.0000,NEGATIVE,4
2020-03-13 12:00:00.0000,POSITIVE,1
2020-03-13 13:00:00.0000,IN PROGRESS,17
2020-03-13 13:00:00.0000,NEGATIVE,4
2020-03-13 13:00:00.0000,POSITIVE,1
2020-03-13 14:00:00.0000,IN PROGRESS,18
2020-03-13 14:00:00.0000,NEGATIVE,4
2020-03-13 14:00:00.0000,POSITIVE,1
2020-03-13 15:00:00.0000,IN PROGRESS,18
2020-03-13 15:00:00.0000,NEGATIVE,4
2020-03-13 15:00:00.0000,POSITIVE,1
2020-03-13 16:00:00.0000,IN PROGRESS,19
2020-03-13 16:00:00.0000,NEGATIVE,4
2020-03-13 16:00:00.0000,POSITIVE,1
2020-03-13 17:00:00.0000,IN PROGRESS,21
2020-03-13 17:00:00.0000,NEGATIVE,4
2020-03-13 17:00:00.0000,POSITIVE,1
2020-03-13 18:00:00.0000,IN PROGRESS,25
2020-03-13 18:00:00.0000,NEGATIVE,4
2020-03-13 18:00:00.0000,POSITIVE,1
2020-03-13 19:00:00.0000,IN PROGRESS,26
2020-03-13 19:00:00.0000,NEGATIVE,4
2020-03-13 19:00:00.0000,POSITIVE,1
2020-03-13 20:00:00.0000,IN PROGRESS,28
2020-03-13 20:00:00.0000,NEGATIVE,4
2020-03-13 20:00:00.0000,POSITIVE,1
2020-03-13 21:00:00.0000,IN PROGRESS,29
2020-03-13 21:00:00.0000,NEGATIVE,4
2020-03-13 21:00:00.0000,POSITIVE,1
2020-03-13 22:00:00.0000,IN PROGRESS,29
2020-03-13 22:00:00.0000,NEGATIVE,4
2020-03-13 22:00:00.0000,POSITIVE,1
2020-03-13 23:00:00.0000,IN PROGRESS,29
2020-03-13 23:00:00.0000,NEGATIVE,4
2020-03-13 23:00:00.0000,POSITIVE,1
2020-03-14 00:00:00.0000,IN PROGRESS,29
2020-03-14 00:00:00.0000,NEGATIVE,4
2020-03-14 00:00:00.0000,POSITIVE,1
2020-03-14 01:00:00.0000,IN PROGRESS,29
2020-03-14 01:00:00.0000,NEGATIVE,4
2020-03-14 01:00:00.0000,POSITIVE,1
2020-03-14 02:00:00.0000,IN PROGRESS,29
2020-03-14 02:00:00.0000,NEGATIVE,4
2020-03-14 02:00:00.0000,POSITIVE,1
2020-03-14 03:00:00.0000,IN PROGRESS,29
2020-03-14 03:00:00.0000,NEGATIVE,4
2020-03-14 03:00:00.0000,POSITIVE,1
2020-03-14 04:00:00.0000,IN PROGRESS,29
2020-03-14 04:00:00.0000,NEGATIVE,4
2020-03-14 04:00:00.0000,POSITIVE,1
2020-03-14 05:00:00.0000,IN PROGRESS,29
2020-03-14 05:00:00.0000,NEGATIVE,4
2020-03-14 05:00:00.0000,POSITIVE,1
2020-03-14 06:00:00.0000,IN PROGRESS,29
2020-03-14 06:00:00.0000,NEGATIVE,4
2020-03-14 06:00:00.0000,POSITIVE,1
2020-03-14 07:00:00.0000,IN PROGRESS,29
2020-03-14 07:00:00.0000,NEGATIVE,4
2020-03-14 07:00:00.0000,POSITIVE,1
2020-03-14 08:00:00.0000,IN PROGRESS,29
2020-03-14 08:00:00.0000,NEGATIVE,4
2020-03-14 08:00:00.0000,POSITIVE,1
2020-03-14 09:00:00.0000,IN PROGRESS,29
2020-03-14 09:00:00.0000,NEGATIVE,4
2020-03-14 09:00:00.0000,POSITIVE,1
2020-03-14 10:00:00.0000,IN PROGRESS,29
2020-03-14 10:00:00.0000,NEGATIVE,4
2020-03-14 10:00:00.0000,POSITIVE,1
2020-03-14 11:00:00.0000,IN PROGRESS,30
2020-03-14 11:00:00.0000,NEGATIVE,4
2020-03-14 11:00:00.0000,POSITIVE,1
2020-03-14 12:00:00.0000,IN PROGRESS,30
2020-03-14 12:00:00.0000,NEGATIVE,5
2020-03-14 12:00:00.0000,POSITIVE,1
2020-03-14 13:00:00.0000,IN PROGRESS,30
2020-03-14 13:00:00.0000,NEGATIVE,5
2020-03-14 13:00:00.0000,POSITIVE,1
2020-03-14 14:00:00.0000,IN PROGRESS,31
2020-03-14 14:00:00.0000,NEGATIVE,5
2020-03-14 14:00:00.0000,POSITIVE,1
2020-03-14 15:00:00.0000,IN PROGRESS,30
2020-03-14 15:00:00.0000,NEGATIVE,6
2020-03-14 15:00:00.0000,POSITIVE,1
2020-03-14 16:00:00.0000,IN PROGRESS,31
2020-03-14 16:00:00.0000,NEGATIVE,6
2020-03-14 16:00:00.0000,POSITIVE,1
2020-03-14 17:00:00.0000,IN PROGRESS,32
2020-03-14 17:00:00.0000,NEGATIVE,6
2020-03-14 17:00:00.0000,POSITIVE,1
2020-03-14 18:00:00.0000,IN PROGRESS,34
2020-03-14 18:00:00.0000,NEGATIVE,6
2020-03-14 18:00:00.0000,POSITIVE,1
2020-03-14 19:00:00.0000,IN PROGRESS,34
2020-03-14 19:00:00.0000,NEGATIVE,6
2020-03-14 19:00:00.0000,POSITIVE,1
2020-03-14 20:00:00.0000,IN PROGRESS,35
2020-03-14 20:00:00.0000,NEGATIVE,6
2020-03-14 20:00:00.0000,POSITIVE,1
2020-03-14 21:00:00.0000,IN PROGRESS,35
2020-03-14 21:00:00.0000,NEGATIVE,6
2020-03-14 21:00:00.0000,POSITIVE,1
2020-03-14 22:00:00.0000,IN PROGRESS,35
2020-03-14 22:00:00.0000,NEGATIVE,6
2020-03-14 22:00:00.0000,POSITIVE,1
2020-03-14 23:00:00.0000,IN PROGRESS,36
2020-03-14 23:00:00.0000,NEGATIVE,6
2020-03-14 23:00:00.0000,POSITIVE,1
2020-03-15 00:00:00.0000,IN PROGRESS,36
2020-03-15 00:00:00.0000,NEGATIVE,6
2020-03-15 00:00:00.0000,POSITIVE,1
2020-03-15 01:00:00.0000,IN PROGRESS,36
2020-03-15 01:00:00.0000,NEGATIVE,6
2020-03-15 01:00:00.0000,POSITIVE,1
2020-03-15 02:00:00.0000,IN PROGRESS,36
2020-03-15 02:00:00.0000,NEGATIVE,6
2020-03-15 02:00:00.0000,POSITIVE,1
2020-03-15 03:00:00.0000,IN PROGRESS,36
2020-03-15 03:00:00.0000,NEGATIVE,6
2020-03-15 03:00:00.0000,POSITIVE,1
2020-03-15 04:00:00.0000,IN PROGRESS,36
2020-03-15 04:00:00.0000,NEGATIVE,6
2020-03-15 04:00:00.0000,POSITIVE,1
2020-03-15 05:00:00.0000,IN PROGRESS,36
2020-03-15 05:00:00.0000,NEGATIVE,6
2020-03-15 05:00:00.0000,POSITIVE,1
2020-03-15 06:00:00.0000,IN PROGRESS,36
2020-03-15 06:00:00.0000,NEGATIVE,6
2020-03-15 06:00:00.0000,POSITIVE,1
2020-03-15 07:00:00.0000,IN PROGRESS,36
2020-03-15 07:00:00.0000,NEGATIVE,6
2020-03-15 07:00:00.0000,POSITIVE,1
2020-03-15 08:00:00.0000,IN PROGRESS,36
2020-03-15 08:00:00.0000,NEGATIVE,6
2020-03-15 08:00:00.0000,POSITIVE,1
2020-03-15 09:00:00.0000,IN PROGRESS,36
2020-03-15 09:00:00.0000,NEGATIVE,6
2020-03-15 09:00:00.0000,POSITIVE,1
2020-03-15 10:00:00.0000,IN PROGRESS,36
2020-03-15 10:00:00.0000,NEGATIVE,6
2020-03-15 10:00:00.0000,POSITIVE,1
2020-03-15 11:00:00.0000,IN PROGRESS,36
2020-03-15 11:00:00.0000,NEGATIVE,6
2020-03-15 11:00:00.0000,POSITIVE,1
2020-03-15 12:00:00.0000,IN PROGRESS,36
2020-03-15 12:00:00.0000,NEGATIVE,6
2020-03-15 12:00:00.0000,POSITIVE,1
2020-03-15 13:00:00.0000,IN PROGRESS,36
2020-03-15 13:00:00.0000,NEGATIVE,6
2020-03-15 13:00:00.0000,POSITIVE,1
2020-03-15 14:00:00.0000,IN PROGRESS,36
2020-03-15 14:00:00.0000,NEGATIVE,6
2020-03-15 14:00:00.0000,POSITIVE,1
2020-03-15 15:00:00.0000,IN PROGRESS,36
2020-03-15 15:00:00.0000,NEGATIVE,6
2020-03-15 15:00:00.0000,POSITIVE,1
2020-03-15 16:00:00.0000,IN PROGRESS,36
2020-03-15 16:00:00.0000,NEGATIVE,6
2020-03-15 16:00:00.0000,POSITIVE,1
2020-03-15 17:00:00.0000,IN PROGRESS,35
2020-03-15 17:00:00.0000,NEGATIVE,8
2020-03-15 17:00:00.0000,POSITIVE,1
2020-03-15 18:00:00.0000,IN PROGRESS,36
2020-03-15 18:00:00.0000,NEGATIVE,8
2020-03-15 18:00:00.0000,POSITIVE,1
2020-03-15 19:00:00.0000,IN PROGRESS,38
2020-03-15 19:00:00.0000,NEGATIVE,8
2020-03-15 19:00:00.0000,POSITIVE,1
2020-03-15 20:00:00.0000,IN PROGRESS,38
2020-03-15 20:00:00.0000,NEGATIVE,8
2020-03-15 20:00:00.0000,POSITIVE,1
2020-03-15 21:00:00.0000,IN PROGRESS,38
2020-03-15 21:00:00.0000,NEGATIVE,8
2020-03-15 21:00:00.0000,POSITIVE,1
2020-03-15 22:00:00.0000,IN PROGRESS,38
2020-03-15 22:00:00.0000,NEGATIVE,8
2020-03-15 22:00:00.0000,POSITIVE,1
2020-03-15 23:00:00.0000,IN PROGRESS,39
2020-03-15 23:00:00.0000,NEGATIVE,8
2020-03-15 23:00:00.0000,POSITIVE,1
2020-03-16 00:00:00.0000,IN PROGRESS,39
2020-03-16 00:00:00.0000,NEGATIVE,8
2020-03-16 00:00:00.0000,POSITIVE,1
2020-03-16 01:00:00.0000,IN PROGRESS,39
2020-03-16 01:00:00.0000,NEGATIVE,8
2020-03-16 01:00:00.0000,POSITIVE,1
2020-03-16 02:00:00.0000,IN PROGRESS,40
2020-03-16 02:00:00.0000,NEGATIVE,8
2020-03-16 02:00:00.0000,POSITIVE,1
2020-03-16 03:00:00.0000,IN PROGRESS,40
2020-03-16 03:00:00.0000,NEGATIVE,8
2020-03-16 03:00:00.0000,POSITIVE,1
2020-03-16 04:00:00.0000,IN PROGRESS,41
2020-03-16 04:00:00.0000,NEGATIVE,8
2020-03-16 04:00:00.0000,POSITIVE,1
2020-03-16 05:00:00.0000,IN PROGRESS,41
2020-03-16 05:00:00.0000,NEGATIVE,8
2020-03-16 05:00:00.0000,POSITIVE,1
2020-03-16 06:00:00.0000,IN PROGRESS,41
2020-03-16 06:00:00.0000,NEGATIVE,8
2020-03-16 06:00:00.0000,POSITIVE,1
2020-03-16 07:00:00.0000,IN PROGRESS,41
2020-03-16 07:00:00.0000,NEGATIVE,8
2020-03-16 07:00:00.0000,POSITIVE,1
2020-03-16 08:00:00.0000,IN PROGRESS,41
2020-03-16 08:00:00.0000,NEGATIVE,8
2020-03-16 08:00:00.0000,POSITIVE,1
2020-03-16 09:00:00.0000,IN PROGRESS,41
2020-03-16 09:00:00.0000,NEGATIVE,8
2020-03-16 09:00:00.0000,POSITIVE,1
2020-03-16 10:00:00.0000,IN PROGRESS,42
2020-03-16 10:00:00.0000,NEGATIVE,8
2020-03-16 10:00:00.0000,POSITIVE,1
2020-03-16 11:00:00.0000,IN PROGRESS,43
2020-03-16 11:00:00.0000,NEGATIVE,8
2020-03-16 11:00:00.0000,POSITIVE,1
2020-03-16 12:00:00.0000,IN PROGRESS,46
2020-03-16 12:00:00.0000,NEGATIVE,8
2020-03-16 12:00:00.0000,POSITIVE,1
2020-03-16 13:00:00.0000,IN PROGRESS,44
2020-03-16 13:00:00.0000,NEGATIVE,11
2020-03-16 13:00:00.0000,POSITIVE,1
2020-03-16 14:00:00.0000,IN PROGRESS,47
2020-03-16 14:00:00.0000,NEGATIVE,11
2020-03-16 14:00:00.0000,POSITIVE,1
2020-03-16 15:00:00.0000,IN PROGRESS,49
2020-03-16 15:00:00.0000,NEGATIVE,12
2020-03-16 15:00:00.0000,POSITIVE,1
2020-03-16 15:00:00.0000,SUSPECTED,1
2020-03-16 16:00:00.0000,IN PROGRESS,53
2020-03-16 16:00:00.0000,NEGATIVE,12
2020-03-16 16:00:00.0000,POSITIVE,1
2020-03-16 16:00:00.0000,SUSPECTED,1
2020-03-16 17:00:00.0000,IN PROGRESS,55
2020-03-16 17:00:00.0000,NEGATIVE,12
2020-03-16 17:00:00.0000,POSITIVE,1
2020-03-16 18:00:00.0000,IN PROGRESS,61
2020-03-16 18:00:00.0000,NEGATIVE,12
2020-03-16 18:00:00.0000,POSITIVE,1
2020-03-16 19:00:00.0000,IN PROGRESS,62
2020-03-16 19:00:00.0000,NEGATIVE,12
2020-03-16 19:00:00.0000,POSITIVE,1
2020-03-16 20:00:00.0000,IN PROGRESS,62
2020-03-16 20:00:00.0000,NEGATIVE,12
2020-03-16 20:00:00.0000,POSITIVE,1
2020-03-16 21:00:00.0000,IN PROGRESS,62
2020-03-16 21:00:00.0000,NEGATIVE,12
2020-03-16 21:00:00.0000,POSITIVE,1
2020-03-16 22:00:00.0000,IN PROGRESS,62
2020-03-16 22:00:00.0000,NEGATIVE,12
2020-03-16 22:00:00.0000,POSITIVE,1
2020-03-16 23:00:00.0000,IN PROGRESS,62
2020-03-16 23:00:00.0000,NEGATIVE,12
2020-03-16 23:00:00.0000,POSITIVE,1
2020-03-17 00:00:00.0000,IN PROGRESS,62
2020-03-17 00:00:00.0000,NEGATIVE,12
2020-03-17 00:00:00.0000,POSITIVE,1
2020-03-17 01:00:00.0000,IN PROGRESS,62
2020-03-17 01:00:00.0000,NEGATIVE,12
2020-03-17 01:00:00.0000,POSITIVE,1
2020-03-17 02:00:00.0000,IN PROGRESS,62
2020-03-17 02:00:00.0000,NEGATIVE,12
2020-03-17 02:00:00.0000,POSITIVE,1
2020-03-17 03:00:00.0000,IN PROGRESS,60
2020-03-17 03:00:00.0000,NEGATIVE,14
2020-03-17 03:00:00.0000,POSITIVE,1
2020-03-17 04:00:00.0000,IN PROGRESS,60
2020-03-17 04:00:00.0000,NEGATIVE,14
2020-03-17 04:00:00.0000,POSITIVE,1
2020-03-17 05:00:00.0000,IN PROGRESS,60
2020-03-17 05:00:00.0000,NEGATIVE,14
2020-03-17 05:00:00.0000,POSITIVE,1
2020-03-17 06:00:00.0000,IN PROGRESS,60
2020-03-17 06:00:00.0000,NEGATIVE,14
2020-03-17 06:00:00.0000,POSITIVE,1
2020-03-17 07:00:00.0000,IN PROGRESS,60
2020-03-17 07:00:00.0000,NEGATIVE,14
2020-03-17 07:00:00.0000,POSITIVE,1
2020-03-17 08:00:00.0000,IN PROGRESS,55
2020-03-17 08:00:00.0000,NEGATIVE,18
2020-03-17 08:00:00.0000,POSITIVE,2
2020-03-17 09:00:00.0000,IN PROGRESS,55
2020-03-17 09:00:00.0000,NEGATIVE,18
2020-03-17 09:00:00.0000,POSITIVE,2
2020-03-17 10:00:00.0000,IN PROGRESS,58
2020-03-17 10:00:00.0000,NEGATIVE,18
2020-03-17 10:00:00.0000,POSITIVE,2
2020-03-17 11:00:00.0000,IN PROGRESS,62
2020-03-17 11:00:00.0000,NEGATIVE,18
2020-03-17 11:00:00.0000,POSITIVE,2
2020-03-17 12:00:00.0000,IN PROGRESS,64
2020-03-17 12:00:00.0000,NEGATIVE,18
2020-03-17 12:00:00.0000,POSITIVE,2
2020-03-17 13:00:00.0000,IN PROGRESS,69
2020-03-17 13:00:00.0000,NEGATIVE,18
2020-03-17 13:00:00.0000,POSITIVE,2
2020-03-17 14:00:00.0000,IN PROGRESS,72
2020-03-17 14:00:00.0000,NEGATIVE,24
2020-03-17 14:00:00.0000,POSITIVE,2
2020-03-17 14:00:00.0000,SUSPECTED,1
2020-03-17 15:00:00.0000,IN PROGRESS,78
2020-03-17 15:00:00.0000,NEGATIVE,27
2020-03-17 15:00:00.0000,POSITIVE,5
2020-03-17 15:00:00.0000,SUSPECTED,1
2020-03-17 16:00:00.0000,IN PROGRESS,83
2020-03-17 16:00:00.0000,NEGATIVE,29
2020-03-17 16:00:00.0000,POSITIVE,5
2020-03-17 16:00:00.0000,SUSPECTED,1
2020-03-17 17:00:00.0000,IN PROGRESS,89
2020-03-17 17:00:00.0000,NEGATIVE,30
2020-03-17 17:00:00.0000,POSITIVE,5
2020-03-17 18:00:00.0000,IN PROGRESS,91
2020-03-17 18:00:00.0000,NEGATIVE,30
2020-03-17 18:00:00.0000,POSITIVE,5
2020-03-17 19:00:00.0000,IN PROGRESS,91
2020-03-17 19:00:00.0000,NEGATIVE,30
2020-03-17 19:00:00.0000,POSITIVE,5
2020-03-17 20:00:00.0000,IN PROGRESS,79
2020-03-17 20:00:00.0000,NEGATIVE,42
2020-03-17 20:00:00.0000,POSITIVE,5
2020-03-17 21:00:00.0000,IN PROGRESS,80
2020-03-17 21:00:00.0000,NEGATIVE,42
2020-03-17 21:00:00.0000,POSITIVE,5
2020-03-17 22:00:00.0000,IN PROGRESS,80
2020-03-17 22:00:00.0000,NEGATIVE,42
2020-03-17 22:00:00.0000,POSITIVE,5
2020-03-17 23:00:00.0000,IN PROGRESS,81
2020-03-17 23:00:00.0000,NEGATIVE,42
2020-03-17 23:00:00.0000,POSITIVE,5
2020-03-18 00:00:00.0000,IN PROGRESS,81
2020-03-18 00:00:00.0000,NEGATIVE,42
2020-03-18 00:00:00.0000,POSITIVE,5
2020-03-18 01:00:00.0000,IN PROGRESS,81
2020-03-18 01:00:00.0000,NEGATIVE,42
2020-03-18 01:00:00.0000,POSITIVE,5
2020-03-18 01:00:00.0000,SUSPECTED,1
2020-03-18 02:00:00.0000,IN PROGRESS,81
2020-03-18 02:00:00.0000,NEGATIVE,42
2020-03-18 02:00:00.0000,POSITIVE,5
2020-03-18 02:00:00.0000,SUSPECTED,1
2020-03-18 03:00:00.0000,IN PROGRESS,81
2020-03-18 03:00:00.0000,NEGATIVE,42
2020-03-18 03:00:00.0000,POSITIVE,5
2020-03-18 03:00:00.0000,SUSPECTED,1
2020-03-18 04:00:00.0000,IN PROGRESS,81
2020-03-18 04:00:00.0000,NEGATIVE,42
2020-03-18 04:00:00.0000,POSITIVE,5
2020-03-18 04:00:00.0000,SUSPECTED,1
2020-03-18 05:00:00.0000,IN PROGRESS,81
2020-03-18 05:00:00.0000,NEGATIVE,42
2020-03-18 05:00:00.0000,POSITIVE,5
2020-03-18 05:00:00.0000,SUSPECTED,1
2020-03-18 06:00:00.0000,IN PROGRESS,81
2020-03-18 06:00:00.0000,NEGATIVE,42
2020-03-18 06:00:00.0000,POSITIVE,5
2020-03-18 06:00:00.0000,SUSPECTED,1
2020-03-18 07:00:00.0000,IN PROGRESS,81
2020-03-18 07:00:00.0000,NEGATIVE,42
2020-03-18 07:00:00.0000,POSITIVE,5
2020-03-18 07:00:00.0000,SUSPECTED,1
2020-03-18 08:00:00.0000,IN PROGRESS,81
2020-03-18 08:00:00.0000,NEGATIVE,42
2020-03-18 08:00:00.0000,POSITIVE,5
2020-03-18 08:00:00.0000,SUSPECTED,1
2020-03-18 09:00:00.0000,IN PROGRESS,81
2020-03-18 09:00:00.0000,NEGATIVE,42
2020-03-18 09:00:00.0000,POSITIVE,5
2020-03-18 09:00:00.0000,SUSPECTED,1
2020-03-18 10:00:00.0000,IN PROGRESS,82
2020-03-18 10:00:00.0000,NEGATIVE,43
2020-03-18 10:00:00.0000,POSITIVE,5
2020-03-18 10:00:00.0000,SUSPECTED,1
2020-03-18 11:00:00.0000,IN PROGRESS,82
2020-03-18 11:00:00.0000,NEGATIVE,45
2020-03-18 11:00:00.0000,POSITIVE,6
2020-03-18 11:00:00.0000,SUSPECTED,1
2020-03-18 12:00:00.0000,IN PROGRESS,82
2020-03-18 12:00:00.0000,NEGATIVE,46
2020-03-18 12:00:00.0000,POSITIVE,6
2020-03-18 12:00:00.0000,SUSPECTED,1
2020-03-18 13:00:00.0000,IN PROGRESS,82
2020-03-18 13:00:00.0000,NEGATIVE,46
2020-03-18 13:00:00.0000,POSITIVE,6
2020-03-18 13:00:00.0000,SUSPECTED,1
2020-03-18 14:00:00.0000,IN PROGRESS,85
2020-03-18 14:00:00.0000,NEGATIVE,46
2020-03-18 14:00:00.0000,POSITIVE,6
2020-03-18 14:00:00.0000,SUSPECTED,1
2020-03-18 15:00:00.0000,IN PROGRESS,87
2020-03-18 15:00:00.0000,NEGATIVE,46
2020-03-18 15:00:00.0000,POSITIVE,6
2020-03-18 15:00:00.0000,SUSPECTED,1
2020-03-18 16:00:00.0000,IN PROGRESS,85
2020-03-18 16:00:00.0000,NEGATIVE,51
2020-03-18 16:00:00.0000,POSITIVE,6
2020-03-18 16:00:00.0000,SUSPECTED,1
2020-03-18 17:00:00.0000,IN PROGRESS,86
2020-03-18 17:00:00.0000,NEGATIVE,51
2020-03-18 17:00:00.0000,POSITIVE,6
2020-03-18 17:00:00.0000,SUSPECTED,1
2020-03-18 18:00:00.0000,IN PROGRESS,86
2020-03-18 18:00:00.0000,NEGATIVE,51
2020-03-18 18:00:00.0000,POSITIVE,6
2020-03-18 18:00:00.0000,SUSPECTED,1
2020-03-18 19:00:00.0000,IN PROGRESS,86
2020-03-18 19:00:00.0000,NEGATIVE,51
2020-03-18 19:00:00.0000,POSITIVE,6
2020-03-18 19:00:00.0000,SUSPECTED,1
2020-03-18 20:00:00.0000,IN PROGRESS,86
2020-03-18 20:00:00.0000,NEGATIVE,51
2020-03-18 20:00:00.0000,POSITIVE,6
2020-03-18 20:00:00.0000,SUSPECTED,1
2020-03-18 21:00:00.0000,IN PROGRESS,76
2020-03-18 21:00:00.0000,NEGATIVE,61
2020-03-18 21:00:00.0000,POSITIVE,6
2020-03-18 21:00:00.0000,SUSPECTED,1
2020-03-18 22:00:00.0000,IN PROGRESS,76
2020-03-18 22:00:00.0000,NEGATIVE,61
2020-03-18 22:00:00.0000,POSITIVE,6
2020-03-18 22:00:00.0000,SUSPECTED,1
2020-03-18 23:00:00.0000,IN PROGRESS,76
2020-03-18 23:00:00.0000,NEGATIVE,61
2020-03-18 23:00:00.0000,POSITIVE,6
2020-03-18 23:00:00.0000,SUSPECTED,1
2020-03-19 00:00:00.0000,IN PROGRESS,76
2020-03-19 00:00:00.0000,NEGATIVE,61
2020-03-19 00:00:00.0000,POSITIVE,6
2020-03-19 00:00:00.0000,SUSPECTED,1
2020-03-19 01:00:00.0000,IN PROGRESS,76
2020-03-19 01:00:00.0000,NEGATIVE,61
2020-03-19 01:00:00.0000,POSITIVE,6
2020-03-19 01:00:00.0000,SUSPECTED,1
2020-03-19 02:00:00.0000,IN PROGRESS,76
2020-03-19 02:00:00.0000,NEGATIVE,61
2020-03-19 02:00:00.0000,POSITIVE,6
2020-03-19 02:00:00.0000,SUSPECTED,1
2020-03-19 03:00:00.0000,IN PROGRESS,76
2020-03-19 03:00:00.0000,NEGATIVE,61
2020-03-19 03:00:00.0000,POSITIVE,6
2020-03-19 03:00:00.0000,SUSPECTED,1
2020-03-19 04:00:00.0000,IN PROGRESS,76
2020-03-19 04:00:00.0000,NEGATIVE,61
2020-03-19 04:00:00.0000,POSITIVE,6
2020-03-19 04:00:00.0000,SUSPECTED,1
2020-03-19 05:00:00.0000,IN PROGRESS,76
2020-03-19 05:00:00.0000,NEGATIVE,61
2020-03-19 05:00:00.0000,POSITIVE,6
2020-03-19 05:00:00.0000,SUSPECTED,1
2020-03-19 06:00:00.0000,IN PROGRESS,76
2020-03-19 06:00:00.0000,NEGATIVE,61
2020-03-19 06:00:00.0000,POSITIVE,6
2020-03-19 06:00:00.0000,SUSPECTED,1
2020-03-19 07:00:00.0000,IN PROGRESS,76
2020-03-19 07:00:00.0000,NEGATIVE,61
2020-03-19 07:00:00.0000,POSITIVE,6
2020-03-19 07:00:00.0000,SUSPECTED,1
2020-03-19 08:00:00.0000,IN PROGRESS,76
2020-03-19 08:00:00.0000,NEGATIVE,61
2020-03-19 08:00:00.0000,POSITIVE,6
2020-03-19 08:00:00.0000,SUSPECTED,1
2020-03-19 09:00:00.0000,IN PROGRESS,75
2020-03-19 09:00:00.0000,NEGATIVE,62
2020-03-19 09:00:00.0000,POSITIVE,6
2020-03-19 09:00:00.0000,SUSPECTED,1
2020-03-19 10:00:00.0000,IN PROGRESS,74
2020-03-19 10:00:00.0000,NEGATIVE,62
2020-03-19 10:00:00.0000,POSITIVE,7
2020-03-19 10:00:00.0000,SUSPECTED,1
2020-03-19 11:00:00.0000,IN PROGRESS,74
2020-03-19 11:00:00.0000,NEGATIVE,62
2020-03-19 11:00:00.0000,POSITIVE,7
2020-03-19 11:00:00.0000,SUSPECTED,1
2020-03-19 12:00:00.0000,IN PROGRESS,74
2020-03-19 12:00:00.0000,NEGATIVE,62
2020-03-19 12:00:00.0000,POSITIVE,7
2020-03-19 12:00:00.0000,SUSPECTED,1
2020-03-19 13:00:00.0000,IN PROGRESS,75
2020-03-19 13:00:00.0000,NEGATIVE,62
2020-03-19 13:00:00.0000,POSITIVE,7
2020-03-19 13:00:00.0000,SUSPECTED,1
2020-03-19 14:00:00.0000,IN PROGRESS,76
2020-03-19 14:00:00.0000,NEGATIVE,62
2020-03-19 14:00:00.0000,POSITIVE,7
2020-03-19 14:00:00.0000,SUSPECTED,1
2020-03-19 15:00:00.0000,IN PROGRESS,76
2020-03-19 15:00:00.0000,NEGATIVE,62
2020-03-19 15:00:00.0000,POSITIVE,7
2020-03-19 15:00:00.0000,SUSPECTED,1
2020-03-19 16:00:00.0000,IN PROGRESS,76
2020-03-19 16:00:00.0000,NEGATIVE,62
2020-03-19 16:00:00.0000,POSITIVE,7
2020-03-19 16:00:00.0000,SUSPECTED,1
2020-03-19 17:00:00.0000,IN PROGRESS,76
2020-03-19 17:00:00.0000,NEGATIVE,62
2020-03-19 17:00:00.0000,POSITIVE,7
2020-03-19 17:00:00.0000,SUSPECTED,1
2020-03-19 18:00:00.0000,IN PROGRESS,76
2020-03-19 18:00:00.0000,NEGATIVE,62
2020-03-19 18:00:00.0000,POSITIVE,7
2020-03-19 18:00:00.0000,SUSPECTED,1
2020-03-19 19:00:00.0000,IN PROGRESS,76
2020-03-19 19:00:00.0000,NEGATIVE,62
2020-03-19 19:00:00.0000,POSITIVE,7
2020-03-19 19:00:00.0000,SUSPECTED,1
2020-03-19 20:00:00.0000,IN PROGRESS,76
2020-03-19 20:00:00.0000,NEGATIVE,62
2020-03-19 20:00:00.0000,POSITIVE,7
2020-03-19 20:00:00.0000,SUSPECTED,1
2020-03-19 21:00:00.0000,IN PROGRESS,76
2020-03-19 21:00:00.0000,NEGATIVE,62
2020-03-19 21:00:00.0000,POSITIVE,7
2020-03-19 21:00:00.0000,SUSPECTED,1
2020-03-19 22:00:00.0000,IN PROGRESS,76
2020-03-19 22:00:00.0000,NEGATIVE,62
2020-03-19 22:00:00.0000,POSITIVE,7
2020-03-19 22:00:00.0000,SUSPECTED,1
2020-03-19 23:00:00.0000,IN PROGRESS,76
2020-03-19 23:00:00.0000,NEGATIVE,62
2020-03-19 23:00:00.0000,POSITIVE,7
2020-03-19 23:00:00.0000,SUSPECTED,3
2020-03-20 00:00:00.0000,IN PROGRESS,79
2020-03-20 00:00:00.0000,NEGATIVE,62
2020-03-20 00:00:00.0000,POSITIVE,7
2020-03-20 00:00:00.0000,SUSPECTED,5
2020-03-20 01:00:00.0000,IN PROGRESS,79
2020-03-20 01:00:00.0000,NEGATIVE,62
2020-03-20 01:00:00.0000,POSITIVE,7
2020-03-20 01:00:00.0000,SUSPECTED,5
2020-03-20 02:00:00.0000,IN PROGRESS,79
2020-03-20 02:00:00.0000,NEGATIVE,62
2020-03-20 02:00:00.0000,POSITIVE,7
2020-03-20 02:00:00.0000,SUSPECTED,6
2020-03-20 03:00:00.0000,IN PROGRESS,79
2020-03-20 03:00:00.0000,NEGATIVE,62
2020-03-20 03:00:00.0000,POSITIVE,7
2020-03-20 03:00:00.0000,SUSPECTED,6
2020-03-20 04:00:00.0000,IN PROGRESS,79
2020-03-20 04:00:00.0000,NEGATIVE,62
2020-03-20 04:00:00.0000,POSITIVE,7
2020-03-20 04:00:00.0000,SUSPECTED,6
2020-03-20 05:00:00.0000,IN PROGRESS,79
2020-03-20 05:00:00.0000,NEGATIVE,62
2020-03-20 05:00:00.0000,POSITIVE,7
2020-03-20 05:00:00.0000,SUSPECTED,6
2020-03-20 06:00:00.0000,IN PROGRESS,79
2020-03-20 06:00:00.0000,NEGATIVE,62
2020-03-20 06:00:00.0000,POSITIVE,7
2020-03-20 06:00:00.0000,SUSPECTED,6
2020-03-20 07:00:00.0000,IN PROGRESS,79
2020-03-20 07:00:00.0000,NEGATIVE,62
2020-03-20 07:00:00.0000,POSITIVE,7
2020-03-20 07:00:00.0000,SUSPECTED,6
2020-03-20 08:00:00.0000,IN PROGRESS,80
2020-03-20 08:00:00.0000,NEGATIVE,62
2020-03-20 08:00:00.0000,POSITIVE,7
2020-03-20 08:00:00.0000,SUSPECTED,6
2020-03-20 09:00:00.0000,IN PROGRESS,80
2020-03-20 09:00:00.0000,NEGATIVE,62
2020-03-20 09:00:00.0000,POSITIVE,7
2020-03-20 09:00:00.0000,SUSPECTED,6
2020-03-20 10:00:00.0000,IN PROGRESS,64
2020-03-20 10:00:00.0000,NEGATIVE,74
2020-03-20 10:00:00.0000,POSITIVE,11
2020-03-20 10:00:00.0000,SUSPECTED,6
2020-03-20 11:00:00.0000,IN PROGRESS,64
2020-03-20 11:00:00.0000,NEGATIVE,74
2020-03-20 11:00:00.0000,POSITIVE,12
2020-03-20 11:00:00.0000,SUSPECTED,7
2020-03-20 12:00:00.0000,IN PROGRESS,64
2020-03-20 12:00:00.0000,NEGATIVE,74
2020-03-20 12:00:00.0000,POSITIVE,12
2020-03-20 12:00:00.0000,SUSPECTED,7
2020-03-20 13:00:00.0000,IN PROGRESS,63
2020-03-20 13:00:00.0000,NEGATIVE,75
2020-03-20 13:00:00.0000,POSITIVE,12
2020-03-20 13:00:00.0000,SUSPECTED,7
2020-03-20 14:00:00.0000,IN PROGRESS,62
2020-03-20 14:00:00.0000,NEGATIVE,77
2020-03-20 14:00:00.0000,POSITIVE,12
2020-03-20 14:00:00.0000,SUSPECTED,7
2020-03-20 15:00:00.0000,IN PROGRESS,63
2020-03-20 15:00:00.0000,NEGATIVE,77
2020-03-20 15:00:00.0000,POSITIVE,12
2020-03-20 15:00:00.0000,SUSPECTED,7
2020-03-20 16:00:00.0000,IN PROGRESS,63
2020-03-20 16:00:00.0000,NEGATIVE,77
2020-03-20 16:00:00.0000,POSITIVE,12
2020-03-20 16:00:00.0000,SUSPECTED,7
2020-03-20 17:00:00.0000,IN PROGRESS,63
2020-03-20 17:00:00.0000,NEGATIVE,77
2020-03-20 17:00:00.0000,POSITIVE,12
2020-03-20 17:00:00.0000,SUSPECTED,7
2020-03-20 18:00:00.0000,IN PROGRESS,63
2020-03-20 18:00:00.0000,NEGATIVE,77
2020-03-20 18:00:00.0000,POSITIVE,12
2020-03-20 18:00:00.0000,SUSPECTED,7
2020-03-20 19:00:00.0000,IN PROGRESS,63
2020-03-20 19:00:00.0000,NEGATIVE,77
2020-03-20 19:00:00.0000,POSITIVE,12
2020-03-20 19:00:00.0000,SUSPECTED,7
2020-03-20 20:00:00.0000,IN PROGRESS,63
2020-03-20 20:00:00.0000,NEGATIVE,77
2020-03-20 20:00:00.0000,POSITIVE,12
2020-03-20 20:00:00.0000,SUSPECTED,7
2020-03-20 21:00:00.0000,IN PROGRESS,63
2020-03-20 21:00:00.0000,NEGATIVE,77
2020-03-20 21:00:00.0000,POSITIVE,12
2020-03-20 21:00:00.0000,SUSPECTED,8
2020-03-20 22:00:00.0000,IN PROGRESS,64
2020-03-20 22:00:00.0000,NEGATIVE,77
2020-03-20 22:00:00.0000,POSITIVE,12
2020-03-20 22:00:00.0000,SUSPECTED,9
2020-03-20 23:00:00.0000,IN PROGRESS,64
2020-03-20 23:00:00.0000,NEGATIVE,77
2020-03-20 23:00:00.0000,POSITIVE,12
2020-03-20 23:00:00.0000,SUSPECTED,9
2020-03-21 00:00:00.0000,IN PROGRESS,65
2020-03-21 00:00:00.0000,NEGATIVE,77
2020-03-21 00:00:00.0000,POSITIVE,12
2020-03-21 00:00:00.0000,SUSPECTED,9
2020-03-21 01:00:00.0000,IN PROGRESS,65
2020-03-21 01:00:00.0000,NEGATIVE,77
2020-03-21 01:00:00.0000,POSITIVE,12
2020-03-21 01:00:00.0000,SUSPECTED,9
2020-03-21 02:00:00.0000,IN PROGRESS,65
2020-03-21 02:00:00.0000,NEGATIVE,77
2020-03-21 02:00:00.0000,POSITIVE,12
2020-03-21 02:00:00.0000,SUSPECTED,9
2020-03-21 03:00:00.0000,IN PROGRESS,65
2020-03-21 03:00:00.0000,NEGATIVE,77
2020-03-21 03:00:00.0000,POSITIVE,12
2020-03-21 03:00:00.0000,SUSPECTED,9
2020-03-21 04:00:00.0000,IN PROGRESS,65
2020-03-21 04:00:00.0000,NEGATIVE,77
2020-03-21 04:00:00.0000,POSITIVE,12
2020-03-21 04:00:00.0000,SUSPECTED,9
2020-03-21 05:00:00.0000,IN PROGRESS,65
2020-03-21 05:00:00.0000,NEGATIVE,77
2020-03-21 05:00:00.0000,POSITIVE,12
2020-03-21 05:00:00.0000,SUSPECTED,9
2020-03-21 06:00:00.0000,IN PROGRESS,65
2020-03-21 06:00:00.0000,NEGATIVE,77
2020-03-21 06:00:00.0000,POSITIVE,12
2020-03-21 06:00:00.0000,SUSPECTED,9
2020-03-21 07:00:00.0000,IN PROGRESS,65
2020-03-21 07:00:00.0000,NEGATIVE,77
2020-03-21 07:00:00.0000,POSITIVE,12
2020-03-21 07:00:00.0000,SUSPECTED,9
2020-03-21 08:00:00.0000,IN PROGRESS,65
2020-03-21 08:00:00.0000,NEGATIVE,77
2020-03-21 08:00:00.0000,POSITIVE,12
2020-03-21 08:00:00.0000,SUSPECTED,9
2020-03-21 09:00:00.0000,IN PROGRESS,65
2020-03-21 09:00:00.0000,NEGATIVE,77
2020-03-21 09:00:00.0000,POSITIVE,12
2020-03-21 09:00:00.0000,SUSPECTED,9
2020-03-21 10:00:00.0000,IN PROGRESS,65
2020-03-21 10:00:00.0000,NEGATIVE,77
2020-03-21 10:00:00.0000,POSITIVE,12
2020-03-21 10:00:00.0000,SUSPECTED,9
2020-03-21 11:00:00.0000,IN PROGRESS,65
2020-03-21 11:00:00.0000,NEGATIVE,77
2020-03-21 11:00:00.0000,POSITIVE,12
2020-03-21 11:00:00.0000,SUSPECTED,9
2020-03-21 12:00:00.0000,IN PROGRESS,65
2020-03-21 12:00:00.0000,NEGATIVE,77
2020-03-21 12:00:00.0000,POSITIVE,12
2020-03-21 12:00:00.0000,SUSPECTED,9
2020-03-21 13:00:00.0000,IN PROGRESS,64
2020-03-21 13:00:00.0000,NEGATIVE,78
2020-03-21 13:00:00.0000,POSITIVE,12
2020-03-21 13:00:00.0000,SUSPECTED,9
2020-03-21 14:00:00.0000,IN PROGRESS,64
2020-03-21 14:00:00.0000,NEGATIVE,78
2020-03-21 14:00:00.0000,POSITIVE,12
2020-03-21 14:00:00.0000,SUSPECTED,9
2020-03-21 15:00:00.0000,IN PROGRESS,64
2020-03-21 15:00:00.0000,NEGATIVE,78
2020-03-21 15:00:00.0000,POSITIVE,12
2020-03-21 15:00:00.0000,SUSPECTED,9
2020-03-21 16:00:00.0000,IN PROGRESS,66
2020-03-21 16:00:00.0000,NEGATIVE,78
2020-03-21 16:00:00.0000,POSITIVE,12
2020-03-21 16:00:00.0000,SUSPECTED,9
2020-03-21 17:00:00.0000,IN PROGRESS,69
2020-03-21 17:00:00.0000,NEGATIVE,78
2020-03-21 17:00:00.0000,POSITIVE,12
2020-03-21 17:00:00.0000,SUSPECTED,9
2020-03-21 18:00:00.0000,IN PROGRESS,65
2020-03-21 18:00:00.0000,NEGATIVE,82
2020-03-21 18:00:00.0000,POSITIVE,12
2020-03-21 18:00:00.0000,SUSPECTED,9
2020-03-21 19:00:00.0000,IN PROGRESS,66
2020-03-21 19:00:00.0000,NEGATIVE,82
2020-03-21 19:00:00.0000,POSITIVE,12
2020-03-21 19:00:00.0000,SUSPECTED,9
2020-03-21 20:00:00.0000,IN PROGRESS,66
2020-03-21 20:00:00.0000,NEGATIVE,82
2020-03-21 20:00:00.0000,POSITIVE,12
2020-03-21 20:00:00.0000,SUSPECTED,9
2020-03-21 21:00:00.0000,IN PROGRESS,66
2020-03-21 21:00:00.0000,NEGATIVE,82
2020-03-21 21:00:00.0000,POSITIVE,12
2020-03-21 21:00:00.0000,SUSPECTED,9
2020-03-21 22:00:00.0000,IN PROGRESS,68
2020-03-21 22:00:00.0000,NEGATIVE,82
2020-03-21 22:00:00.0000,POSITIVE,12
2020-03-21 22:00:00.0000,SUSPECTED,9
2020-03-21 23:00:00.0000,IN PROGRESS,67
2020-03-21 23:00:00.0000,NEGATIVE,83
2020-03-21 23:00:00.0000,POSITIVE,12
2020-03-21 23:00:00.0000,SUSPECTED,9
2020-03-22 00:00:00.0000,IN PROGRESS,58
2020-03-22 00:00:00.0000,NEGATIVE,90
2020-03-22 00:00:00.0000,POSITIVE,14
2020-03-22 00:00:00.0000,SUSPECTED,9
2020-03-22 01:00:00.0000,IN PROGRESS,59
2020-03-22 01:00:00.0000,NEGATIVE,90
2020-03-22 01:00:00.0000,POSITIVE,14
2020-03-22 01:00:00.0000,SUSPECTED,9
2020-03-22 02:00:00.0000,IN PROGRESS,59
2020-03-22 02:00:00.0000,NEGATIVE,90
2020-03-22 02:00:00.0000,POSITIVE,14
2020-03-22 02:00:00.0000,SUSPECTED,9
2020-03-22 03:00:00.0000,IN PROGRESS,59
2020-03-22 03:00:00.0000,NEGATIVE,90
2020-03-22 03:00:00.0000,POSITIVE,14
2020-03-22 03:00:00.0000,SUSPECTED,10
2020-03-22 04:00:00.0000,IN PROGRESS,59
2020-03-22 04:00:00.0000,NEGATIVE,90
2020-03-22 04:00:00.0000,POSITIVE,14
2020-03-22 04:00:00.0000,SUSPECTED,11
2020-03-22 05:00:00.0000,IN PROGRESS,59
2020-03-22 05:00:00.0000,NEGATIVE,91
2020-03-22 05:00:00.0000,POSITIVE,14
2020-03-22 05:00:00.0000,SUSPECTED,11
2020-03-22 06:00:00.0000,IN PROGRESS,59
2020-03-22 06:00:00.0000,NEGATIVE,91
2020-03-22 06:00:00.0000,POSITIVE,14
2020-03-22 06:00:00.0000,SUSPECTED,11
2020-03-22 07:00:00.0000,IN PROGRESS,59
2020-03-22 07:00:00.0000,NEGATIVE,91
2020-03-22 07:00:00.0000,POSITIVE,14
2020-03-22 07:00:00.0000,SUSPECTED,11
2020-03-22 08:00:00.0000,IN PROGRESS,60
2020-03-22 08:00:00.0000,NEGATIVE,91
2020-03-22 08:00:00.0000,POSITIVE,14
2020-03-22 08:00:00.0000,SUSPECTED,10
2020-03-22 09:00:00.0000,IN PROGRESS,60
2020-03-22 09:00:00.0000,NEGATIVE,91
2020-03-22 09:00:00.0000,POSITIVE,14
2020-03-22 09:00:00.0000,SUSPECTED,10
2020-03-22 10:00:00.0000,IN PROGRESS,60
2020-03-22 10:00:00.0000,NEGATIVE,91
2020-03-22 10:00:00.0000,POSITIVE,14
2020-03-22 10:00:00.0000,SUSPECTED,10
2020-03-22 11:00:00.0000,IN PROGRESS,61
2020-03-22 11:00:00.0000,NEGATIVE,91
2020-03-22 11:00:00.0000,POSITIVE,14
2020-03-22 11:00:00.0000,SUSPECTED,10
2020-03-22 12:00:00.0000,IN PROGRESS,60
2020-03-22 12:00:00.0000,NEGATIVE,92
2020-03-22 12:00:00.0000,POSITIVE,14
2020-03-22 12:00:00.0000,SUSPECTED,10
2020-03-22 13:00:00.0000,IN PROGRESS,61
2020-03-22 13:00:00.0000,NEGATIVE,92
2020-03-22 13:00:00.0000,POSITIVE,14
2020-03-22 13:00:00.0000,SUSPECTED,10
2020-03-22 14:00:00.0000,IN PROGRESS,62
2020-03-22 14:00:00.0000,NEGATIVE,92
2020-03-22 14:00:00.0000,POSITIVE,14
2020-03-22 14:00:00.0000,SUSPECTED,10
2020-03-22 15:00:00.0000,IN PROGRESS,64
2020-03-22 15:00:00.0000,NEGATIVE,92
2020-03-22 15:00:00.0000,POSITIVE,14
2020-03-22 15:00:00.0000,SUSPECTED,10
2020-03-22 16:00:00.0000,IN PROGRESS,64
2020-03-22 16:00:00.0000,NEGATIVE,92
2020-03-22 16:00:00.0000,POSITIVE,14
2020-03-22 16:00:00.0000,SUSPECTED,10
2020-03-22 17:00:00.0000,IN PROGRESS,64
2020-03-22 17:00:00.0000,NEGATIVE,92
2020-03-22 17:00:00.0000,POSITIVE,14
2020-03-22 17:00:00.0000,SUSPECTED,10
2020-03-22 18:00:00.0000,IN PROGRESS,64
2020-03-22 18:00:00.0000,NEGATIVE,92
2020-03-22 18:00:00.0000,POSITIVE,14
2020-03-22 18:00:00.0000,SUSPECTED,10
2020-03-22 19:00:00.0000,IN PROGRESS,64
2020-03-22 19:00:00.0000,NEGATIVE,93
2020-03-22 19:00:00.0000,POSITIVE,14
2020-03-22 19:00:00.0000,SUSPECTED,10
2020-03-22 20:00:00.0000,IN PROGRESS,65
2020-03-22 20:00:00.0000,NEGATIVE,93
2020-03-22 20:00:00.0000,POSITIVE,14
2020-03-22 20:00:00.0000,SUSPECTED,10
2020-03-22 21:00:00.0000,IN PROGRESS,65
2020-03-22 21:00:00.0000,NEGATIVE,93
2020-03-22 21:00:00.0000,POSITIVE,14
2020-03-22 21:00:00.0000,SUSPECTED,10
2020-03-22 22:00:00.0000,IN PROGRESS,66
2020-03-22 22:00:00.0000,NEGATIVE,93
2020-03-22 22:00:00.0000,POSITIVE,14
2020-03-22 22:00:00.0000,SUSPECTED,10
2020-03-22 23:00:00.0000,IN PROGRESS,66
2020-03-22 23:00:00.0000,NEGATIVE,93
2020-03-22 23:00:00.0000,POSITIVE,14
2020-03-22 23:00:00.0000,SUSPECTED,11
2020-03-23 00:00:00.0000,IN PROGRESS,70
2020-03-23 00:00:00.0000,NEGATIVE,93
2020-03-23 00:00:00.0000,POSITIVE,14
2020-03-23 00:00:00.0000,SUSPECTED,13
2020-03-23 01:00:00.0000,IN PROGRESS,70
2020-03-23 01:00:00.0000,NEGATIVE,93
2020-03-23 01:00:00.0000,POSITIVE,14
2020-03-23 01:00:00.0000,SUSPECTED,13
2020-03-23 02:00:00.0000,IN PROGRESS,70
2020-03-23 02:00:00.0000,NEGATIVE,93
2020-03-23 02:00:00.0000,POSITIVE,14
2020-03-23 02:00:00.0000,SUSPECTED,13
2020-03-23 03:00:00.0000,IN PROGRESS,70
2020-03-23 03:00:00.0000,NEGATIVE,93
2020-03-23 03:00:00.0000,POSITIVE,14
2020-03-23 03:00:00.0000,SUSPECTED,13
2020-03-23 04:00:00.0000,IN PROGRESS,70
2020-03-23 04:00:00.0000,NEGATIVE,93
2020-03-23 04:00:00.0000,POSITIVE,14
2020-03-23 04:00:00.0000,SUSPECTED,13
2020-03-23 05:00:00.0000,IN PROGRESS,70
2020-03-23 05:00:00.0000,NEGATIVE,93
2020-03-23 05:00:00.0000,POSITIVE,14
2020-03-23 05:00:00.0000,SUSPECTED,13
2020-03-23 06:00:00.0000,IN PROGRESS,70
2020-03-23 06:00:00.0000,NEGATIVE,93
2020-03-23 06:00:00.0000,POSITIVE,14
2020-03-23 06:00:00.0000,SUSPECTED,13
2020-03-23 07:00:00.0000,IN PROGRESS,70
2020-03-23 07:00:00.0000,NEGATIVE,98
2020-03-23 07:00:00.0000,POSITIVE,14
2020-03-23 07:00:00.0000,SUSPECTED,13
2020-03-23 08:00:00.0000,IN PROGRESS,70
2020-03-23 08:00:00.0000,NEGATIVE,98
2020-03-23 08:00:00.0000,POSITIVE,14
2020-03-23 08:00:00.0000,SUSPECTED,13
2020-03-23 09:00:00.0000,IN PROGRESS,69
2020-03-23 09:00:00.0000,NEGATIVE,98
2020-03-23 09:00:00.0000,POSITIVE,15
2020-03-23 09:00:00.0000,SUSPECTED,13
2020-03-23 10:00:00.0000,IN PROGRESS,69
2020-03-23 10:00:00.0000,NEGATIVE,98
2020-03-23 10:00:00.0000,POSITIVE,15
2020-03-23 10:00:00.0000,SUSPECTED,13
2020-03-23 11:00:00.0000,IN PROGRESS,71
2020-03-23 11:00:00.0000,NEGATIVE,99
2020-03-23 11:00:00.0000,POSITIVE,16
2020-03-23 11:00:00.0000,SUSPECTED,13
2020-03-23 12:00:00.0000,IN PROGRESS,75
2020-03-23 12:00:00.0000,NEGATIVE,99
2020-03-23 12:00:00.0000,POSITIVE,17
2020-03-23 12:00:00.0000,SUSPECTED,14
2020-03-23 13:00:00.0000,IN PROGRESS,76
2020-03-23 13:00:00.0000,NEGATIVE,99
2020-03-23 13:00:00.0000,POSITIVE,17
2020-03-23 13:00:00.0000,SUSPECTED,14
2020-03-23 14:00:00.0000,IN PROGRESS,78
2020-03-23 14:00:00.0000,NEGATIVE,99
2020-03-23 14:00:00.0000,POSITIVE,18
2020-03-23 14:00:00.0000,SUSPECTED,14
2020-03-23 15:00:00.0000,IN PROGRESS,81
2020-03-23 15:00:00.0000,NEGATIVE,105
2020-03-23 15:00:00.0000,POSITIVE,19
2020-03-23 15:00:00.0000,SUSPECTED,14
2020-03-23 16:00:00.0000,IN PROGRESS,81
2020-03-23 16:00:00.0000,NEGATIVE,105
2020-03-23 16:00:00.0000,POSITIVE,19
2020-03-23 16:00:00.0000,SUSPECTED,14
2020-03-23 17:00:00.0000,IN PROGRESS,82
2020-03-23 17:00:00.0000,NEGATIVE,106
2020-03-23 17:00:00.0000,POSITIVE,20
2020-03-23 17:00:00.0000,SUSPECTED,14
2020-03-23 18:00:00.0000,IN PROGRESS,84
2020-03-23 18:00:00.0000,NEGATIVE,106
2020-03-23 18:00:00.0000,POSITIVE,20
2020-03-23 18:00:00.0000,SUSPECTED,14
2020-03-23 19:00:00.0000,IN PROGRESS,84
2020-03-23 19:00:00.0000,NEGATIVE,106
2020-03-23 19:00:00.0000,POSITIVE,20
2020-03-23 19:00:00.0000,SUSPECTED,14
2020-03-23 20:00:00.0000,IN PROGRESS,84
2020-03-23 20:00:00.0000,NEGATIVE,106
2020-03-23 20:00:00.0000,POSITIVE,20
2020-03-23 20:00:00.0000,SUSPECTED,14
2020-03-23 21:00:00.0000,IN PROGRESS,85
2020-03-23 21:00:00.0000,NEGATIVE,106
2020-03-23 21:00:00.0000,POSITIVE,19
2020-03-23 21:00:00.0000,SUSPECTED,14
2020-03-23 22:00:00.0000,IN PROGRESS,85
2020-03-23 22:00:00.0000,NEGATIVE,106
2020-03-23 22:00:00.0000,POSITIVE,19
2020-03-23 22:00:00.0000,SUSPECTED,14
2020-03-23 23:00:00.0000,IN PROGRESS,87
2020-03-23 23:00:00.0000,NEGATIVE,106
2020-03-23 23:00:00.0000,POSITIVE,19
2020-03-23 23:00:00.0000,SUSPECTED,14
2020-03-24 00:00:00.0000,IN PROGRESS,88
2020-03-24 00:00:00.0000,NEGATIVE,106
2020-03-24 00:00:00.0000,POSITIVE,19
2020-03-24 00:00:00.0000,SUSPECTED,20
2020-03-24 01:00:00.0000,IN PROGRESS,87
2020-03-24 01:00:00.0000,NEGATIVE,107
2020-03-24 01:00:00.0000,POSITIVE,19
2020-03-24 01:00:00.0000,SUSPECTED,20
2020-03-24 02:00:00.0000,IN PROGRESS,82
2020-03-24 02:00:00.0000,NEGATIVE,114
2020-03-24 02:00:00.0000,POSITIVE,19
2020-03-24 02:00:00.0000,SUSPECTED,20
2020-03-24 03:00:00.0000,IN PROGRESS,83
2020-03-24 03:00:00.0000,NEGATIVE,114
2020-03-24 03:00:00.0000,POSITIVE,19
2020-03-24 03:00:00.0000,SUSPECTED,20
2020-03-24 04:00:00.0000,IN PROGRESS,83
2020-03-24 04:00:00.0000,NEGATIVE,114
2020-03-24 04:00:00.0000,POSITIVE,19
2020-03-24 04:00:00.0000,SUSPECTED,20
2020-03-24 05:00:00.0000,IN PROGRESS,81
2020-03-24 05:00:00.0000,NEGATIVE,116
2020-03-24 05:00:00.0000,POSITIVE,19
2020-03-24 05:00:00.0000,SUSPECTED,20
2020-03-24 06:00:00.0000,IN PROGRESS,82
2020-03-24 06:00:00.0000,NEGATIVE,116
2020-03-24 06:00:00.0000,POSITIVE,19
2020-03-24 06:00:00.0000,SUSPECTED,20
2020-03-24 07:00:00.0000,IN PROGRESS,82
2020-03-24 07:00:00.0000,NEGATIVE,116
2020-03-24 07:00:00.0000,POSITIVE,19
2020-03-24 07:00:00.0000,SUSPECTED,20
2020-03-24 08:00:00.0000,IN PROGRESS,82
2020-03-24 08:00:00.0000,NEGATIVE,116
2020-03-24 08:00:00.0000,POSITIVE,19
2020-03-24 08:00:00.0000,SUSPECTED,20
2020-03-24 09:00:00.0000,IN PROGRESS,82
2020-03-24 09:00:00.0000,NEGATIVE,116
2020-03-24 09:00:00.0000,POSITIVE,19
2020-03-24 09:00:00.0000,SUSPECTED,20
2020-03-24 10:00:00.0000,IN PROGRESS,78
2020-03-24 10:00:00.0000,NEGATIVE,121
2020-03-24 10:00:00.0000,POSITIVE,19
2020-03-24 10:00:00.0000,SUSPECTED,20
2020-03-24 11:00:00.0000,IN PROGRESS,78
2020-03-24 11:00:00.0000,NEGATIVE,121
2020-03-24 11:00:00.0000,POSITIVE,19
2020-03-24 11:00:00.0000,SUSPECTED,20
2020-03-24 12:00:00.0000,IN PROGRESS,79
2020-03-24 12:00:00.0000,NEGATIVE,121
2020-03-24 12:00:00.0000,POSITIVE,19
2020-03-24 12:00:00.0000,SUSPECTED,20
2020-03-24 13:00:00.0000,IN PROGRESS,78
2020-03-24 13:00:00.0000,NEGATIVE,123
2020-03-24 13:00:00.0000,POSITIVE,19
2020-03-24 13:00:00.0000,SUSPECTED,20
2020-03-24 14:00:00.0000,IN PROGRESS,81
2020-03-24 14:00:00.0000,NEGATIVE,123
2020-03-24 14:00:00.0000,POSITIVE,19
2020-03-24 14:00:00.0000,SUSPECTED,20
2020-03-24 15:00:00.0000,IN PROGRESS,82
2020-03-24 15:00:00.0000,NEGATIVE,123
2020-03-24 15:00:00.0000,POSITIVE,19
2020-03-24 15:00:00.0000,SUSPECTED,20
2020-03-24 16:00:00.0000,IN PROGRESS,85
2020-03-24 16:00:00.0000,NEGATIVE,123
2020-03-24 16:00:00.0000,POSITIVE,20
2020-03-24 16:00:00.0000,SUSPECTED,20
2020-03-24 17:00:00.0000,IN PROGRESS,88
2020-03-24 17:00:00.0000,NEGATIVE,123
2020-03-24 17:00:00.0000,POSITIVE,20
2020-03-24 17:00:00.0000,SUSPECTED,20
2020-03-24 18:00:00.0000,IN PROGRESS,90
2020-03-24 18:00:00.0000,NEGATIVE,123
2020-03-24 18:00:00.0000,POSITIVE,20
2020-03-24 18:00:00.0000,SUSPECTED,20
2020-03-24 19:00:00.0000,IN PROGRESS,94
2020-03-24 19:00:00.0000,NEGATIVE,123
2020-03-24 19:00:00.0000,POSITIVE,21
2020-03-24 19:00:00.0000,SUSPECTED,20
2020-03-24 20:00:00.0000,IN PROGRESS,94
2020-03-24 20:00:00.0000,NEGATIVE,124
2020-03-24 20:00:00.0000,POSITIVE,21
2020-03-24 20:00:00.0000,SUSPECTED,20
2020-03-24 21:00:00.0000,IN PROGRESS,96
2020-03-24 21:00:00.0000,NEGATIVE,124
2020-03-24 21:00:00.0000,POSITIVE,21
2020-03-24 21:00:00.0000,SUSPECTED,20
2020-03-24 22:00:00.0000,IN PROGRESS,96
2020-03-24 22:00:00.0000,NEGATIVE,124
2020-03-24 22:00:00.0000,POSITIVE,21
2020-03-24 22:00:00.0000,SUSPECTED,20
2020-03-24 23:00:00.0000,IN PROGRESS,96
2020-03-24 23:00:00.0000,NEGATIVE,124
2020-03-24 23:00:00.0000,POSITIVE,21
2020-03-24 23:00:00.0000,SUSPECTED,20
2020-03-25 00:00:00.0000,IN PROGRESS,102
2020-03-25 00:00:00.0000,NEGATIVE,124
2020-03-25 00:00:00.0000,POSITIVE,21
2020-03-25 00:00:00.0000,SUSPECTED,36
2020-03-25 01:00:00.0000,IN PROGRESS,102
2020-03-25 01:00:00.0000,NEGATIVE,124
2020-03-25 01:00:00.0000,POSITIVE,21
2020-03-25 01:00:00.0000,SUSPECTED,36
2020-03-25 02:00:00.0000,IN PROGRESS,103
2020-03-25 02:00:00.0000,NEGATIVE,124
2020-03-25 02:00:00.0000,POSITIVE,21
2020-03-25 02:00:00.0000,SUSPECTED,36
2020-03-25 03:00:00.0000,IN PROGRESS,105
2020-03-25 03:00:00.0000,NEGATIVE,124
2020-03-25 03:00:00.0000,POSITIVE,21
2020-03-25 03:00:00.0000,SUSPECTED,36
2020-03-25 04:00:00.0000,IN PROGRESS,106
2020-03-25 04:00:00.0000,NEGATIVE,124
2020-03-25 04:00:00.0000,POSITIVE,21
2020-03-25 04:00:00.0000,SUSPECTED,36
2020-03-25 05:00:00.0000,IN PROGRESS,106
2020-03-25 05:00:00.0000,NEGATIVE,124
2020-03-25 05:00:00.0000,POSITIVE,21
2020-03-25 05:00:00.0000,SUSPECTED,36
2020-03-25 06:00:00.0000,IN PROGRESS,106
2020-03-25 06:00:00.0000,NEGATIVE,124
2020-03-25 06:00:00.0000,POSITIVE,21
2020-03-25 06:00:00.0000,SUSPECTED,36
2020-03-25 07:00:00.0000,IN PROGRESS,106
2020-03-25 07:00:00.0000,NEGATIVE,124
2020-03-25 07:00:00.0000,POSITIVE,21
2020-03-25 07:00:00.0000,SUSPECTED,36
2020-03-25 08:00:00.0000,IN PROGRESS,106
2020-03-25 08:00:00.0000,NEGATIVE,124
2020-03-25 08:00:00.0000,POSITIVE,22
2020-03-25 08:00:00.0000,SUSPECTED,36
2020-03-25 09:00:00.0000,IN PROGRESS,106
2020-03-25 09:00:00.0000,NEGATIVE,124
2020-03-25 09:00:00.0000,POSITIVE,22
2020-03-25 09:00:00.0000,SUSPECTED,36
2020-03-25 10:00:00.0000,IN PROGRESS,106
2020-03-25 10:00:00.0000,NEGATIVE,125
2020-03-25 10:00:00.0000,POSITIVE,22
2020-03-25 10:00:00.0000,SUSPECTED,36
2020-03-25 11:00:00.0000,IN PROGRESS,106
2020-03-25 11:00:00.0000,NEGATIVE,125
2020-03-25 11:00:00.0000,POSITIVE,22
2020-03-25 11:00:00.0000,SUSPECTED,36
2020-03-25 12:00:00.0000,IN PROGRESS,107
2020-03-25 12:00:00.0000,NEGATIVE,125
2020-03-25 12:00:00.0000,POSITIVE,22
2020-03-25 12:00:00.0000,SUSPECTED,36
2020-03-25 13:00:00.0000,IN PROGRESS,107
2020-03-25 13:00:00.0000,NEGATIVE,125
2020-03-25 13:00:00.0000,POSITIVE,22
2020-03-25 13:00:00.0000,SUSPECTED,36
2020-03-25 14:00:00.0000,IN PROGRESS,108
2020-03-25 14:00:00.0000,NEGATIVE,127
2020-03-25 14:00:00.0000,POSITIVE,22
2020-03-25 14:00:00.0000,SUSPECTED,37
2020-03-25 15:00:00.0000,IN PROGRESS,112
2020-03-25 15:00:00.0000,NEGATIVE,130
2020-03-25 15:00:00.0000,POSITIVE,22
2020-03-25 15:00:00.0000,SUSPECTED,36
2020-03-25 16:00:00.0000,IN PROGRESS,114
2020-03-25 16:00:00.0000,NEGATIVE,130
2020-03-25 16:00:00.0000,POSITIVE,22
2020-03-25 16:00:00.0000,SUSPECTED,36
2020-03-25 17:00:00.0000,IN PROGRESS,114
2020-03-25 17:00:00.0000,NEGATIVE,131
2020-03-25 17:00:00.0000,POSITIVE,22
2020-03-25 17:00:00.0000,SUSPECTED,37
2020-03-25 18:00:00.0000,IN PROGRESS,118
2020-03-25 18:00:00.0000,NEGATIVE,132
2020-03-25 18:00:00.0000,POSITIVE,22
2020-03-25 18:00:00.0000,SUSPECTED,38
2020-03-25 19:00:00.0000,IN PROGRESS,119
2020-03-25 19:00:00.0000,NEGATIVE,132
2020-03-25 19:00:00.0000,POSITIVE,22
2020-03-25 19:00:00.0000,SUSPECTED,37
2020-03-25 20:00:00.0000,IN PROGRESS,118
2020-03-25 20:00:00.0000,NEGATIVE,135
2020-03-25 20:00:00.0000,POSITIVE,22
2020-03-25 20:00:00.0000,SUSPECTED,35
2020-03-25 21:00:00.0000,IN PROGRESS,119
2020-03-25 21:00:00.0000,NEGATIVE,177
2020-03-25 21:00:00.0000,POSITIVE,25
2020-03-25 21:00:00.0000,SUSPECTED,35
2020-03-25 22:00:00.0000,IN PROGRESS,119
2020-03-25 22:00:00.0000,NEGATIVE,177
2020-03-25 22:00:00.0000,POSITIVE,25
2020-03-25 22:00:00.0000,SUSPECTED,35
2020-03-25 23:00:00.0000,IN PROGRESS,117
2020-03-25 23:00:00.0000,NEGATIVE,179
2020-03-25 23:00:00.0000,POSITIVE,25
2020-03-25 23:00:00.0000,SUSPECTED,36
2020-03-26 00:00:00.0000,IN PROGRESS,120
2020-03-26 00:00:00.0000,NEGATIVE,179
2020-03-26 00:00:00.0000,POSITIVE,25
2020-03-26 00:00:00.0000,SUSPECTED,47
2020-03-26 01:00:00.0000,IN PROGRESS,114
2020-03-26 01:00:00.0000,NEGATIVE,185
2020-03-26 01:00:00.0000,POSITIVE,26
2020-03-26 01:00:00.0000,SUSPECTED,47
2020-03-26 02:00:00.0000,IN PROGRESS,114
2020-03-26 02:00:00.0000,NEGATIVE,185
2020-03-26 02:00:00.0000,POSITIVE,26
2020-03-26 02:00:00.0000,SUSPECTED,47
2020-03-26 03:00:00.0000,IN PROGRESS,113
2020-03-26 03:00:00.0000,NEGATIVE,186
2020-03-26 03:00:00.0000,POSITIVE,26
2020-03-26 03:00:00.0000,SUSPECTED,47
2020-03-26 04:00:00.0000,IN PROGRESS,113
2020-03-26 04:00:00.0000,NEGATIVE,186
2020-03-26 04:00:00.0000,POSITIVE,26
2020-03-26 04:00:00.0000,SUSPECTED,47
2020-03-26 05:00:00.0000,IN PROGRESS,113
2020-03-26 05:00:00.0000,NEGATIVE,186
2020-03-26 05:00:00.0000,POSITIVE,26
2020-03-26 05:00:00.0000,SUSPECTED,47
2020-03-26 06:00:00.0000,IN PROGRESS,113
2020-03-26 06:00:00.0000,NEGATIVE,186
2020-03-26 06:00:00.0000,POSITIVE,26
2020-03-26 06:00:00.0000,SUSPECTED,47
2020-03-26 07:00:00.0000,IN PROGRESS,113
2020-03-26 07:00:00.0000,NEGATIVE,187
2020-03-26 07:00:00.0000,POSITIVE,26
2020-03-26 07:00:00.0000,SUSPECTED,47
2020-03-26 08:00:00.0000,IN PROGRESS,113
2020-03-26 08:00:00.0000,NEGATIVE,187
2020-03-26 08:00:00.0000,POSITIVE,26
2020-03-26 08:00:00.0000,SUSPECTED,47
2020-03-26 09:00:00.0000,IN PROGRESS,113
2020-03-26 09:00:00.0000,NEGATIVE,187
2020-03-26 09:00:00.0000,POSITIVE,26
2020-03-26 09:00:00.0000,SUSPECTED,47
2020-03-26 10:00:00.0000,IN PROGRESS,113
2020-03-26 10:00:00.0000,NEGATIVE,188
2020-03-26 10:00:00.0000,POSITIVE,26
2020-03-26 10:00:00.0000,SUSPECTED,47
2020-03-26 11:00:00.0000,IN PROGRESS,113
2020-03-26 11:00:00.0000,NEGATIVE,188
2020-03-26 11:00:00.0000,POSITIVE,27
2020-03-26 11:00:00.0000,SUSPECTED,47
2020-03-26 12:00:00.0000,IN PROGRESS,114
2020-03-26 12:00:00.0000,NEGATIVE,188
2020-03-26 12:00:00.0000,POSITIVE,27
2020-03-26 12:00:00.0000,SUSPECTED,48
2020-03-26 13:00:00.0000,IN PROGRESS,112
2020-03-26 13:00:00.0000,NEGATIVE,193
2020-03-26 13:00:00.0000,POSITIVE,28
2020-03-26 13:00:00.0000,SUSPECTED,49
2020-03-26 14:00:00.0000,IN PROGRESS,113
2020-03-26 14:00:00.0000,NEGATIVE,193
2020-03-26 14:00:00.0000,POSITIVE,28
2020-03-26 14:00:00.0000,SUSPECTED,49
2020-03-26 15:00:00.0000,IN PROGRESS,116
2020-03-26 15:00:00.0000,NEGATIVE,195
2020-03-26 15:00:00.0000,POSITIVE,28
2020-03-26 15:00:00.0000,SUSPECTED,50
2020-03-26 16:00:00.0000,IN PROGRESS,117
2020-03-26 16:00:00.0000,NEGATIVE,195
2020-03-26 16:00:00.0000,POSITIVE,29
2020-03-26 16:00:00.0000,SUSPECTED,51
2020-03-26 17:00:00.0000,IN PROGRESS,119
2020-03-26 17:00:00.0000,NEGATIVE,195
2020-03-26 17:00:00.0000,POSITIVE,29
2020-03-26 17:00:00.0000,SUSPECTED,51
2020-03-26 18:00:00.0000,IN PROGRESS,104
2020-03-26 18:00:00.0000,NEGATIVE,217
2020-03-26 18:00:00.0000,POSITIVE,35
2020-03-26 18:00:00.0000,SUSPECTED,50
2020-03-26 19:00:00.0000,IN PROGRESS,107
2020-03-26 19:00:00.0000,NEGATIVE,217
2020-03-26 19:00:00.0000,POSITIVE,35
2020-03-26 19:00:00.0000,SUSPECTED,51
2020-03-26 20:00:00.0000,IN PROGRESS,108
2020-03-26 20:00:00.0000,NEGATIVE,217
2020-03-26 20:00:00.0000,POSITIVE,35
2020-03-26 20:00:00.0000,SUSPECTED,51
2020-03-26 21:00:00.0000,IN PROGRESS,109
2020-03-26 21:00:00.0000,NEGATIVE,217
2020-03-26 21:00:00.0000,POSITIVE,35
2020-03-26 21:00:00.0000,SUSPECTED,52
2020-03-26 22:00:00.0000,IN PROGRESS,110
2020-03-26 22:00:00.0000,NEGATIVE,217
2020-03-26 22:00:00.0000,POSITIVE,35
2020-03-26 22:00:00.0000,SUSPECTED,51
2020-03-26 23:00:00.0000,IN PROGRESS,111
2020-03-26 23:00:00.0000,NEGATIVE,217
2020-03-26 23:00:00.0000,POSITIVE,35
2020-03-26 23:00:00.0000,SUSPECTED,50
2020-03-27 00:00:00.0000,IN PROGRESS,111
2020-03-27 00:00:00.0000,NEGATIVE,217
2020-03-27 00:00:00.0000,POSITIVE,37
2020-03-27 00:00:00.0000,SUSPECTED,60
2020-03-27 01:00:00.0000,IN PROGRESS,111
2020-03-27 01:00:00.0000,NEGATIVE,217
2020-03-27 01:00:00.0000,POSITIVE,37
2020-03-27 01:00:00.0000,SUSPECTED,60
2020-03-27 02:00:00.0000,IN PROGRESS,106
2020-03-27 02:00:00.0000,NEGATIVE,221
2020-03-27 02:00:00.0000,POSITIVE,38
2020-03-27 02:00:00.0000,SUSPECTED,60
2020-03-27 03:00:00.0000,IN PROGRESS,104
2020-03-27 03:00:00.0000,NEGATIVE,222
2020-03-27 03:00:00.0000,POSITIVE,39
2020-03-27 03:00:00.0000,SUSPECTED,60
2020-03-27 04:00:00.0000,IN PROGRESS,104
2020-03-27 04:00:00.0000,NEGATIVE,222
2020-03-27 04:00:00.0000,POSITIVE,39
2020-03-27 04:00:00.0000,SUSPECTED,60
2020-03-27 05:00:00.0000,IN PROGRESS,105
2020-03-27 05:00:00.0000,NEGATIVE,222
2020-03-27 05:00:00.0000,POSITIVE,39
2020-03-27 05:00:00.0000,SUSPECTED,60
2020-03-27 06:00:00.0000,IN PROGRESS,105
2020-03-27 06:00:00.0000,NEGATIVE,222
2020-03-27 06:00:00.0000,POSITIVE,39
2020-03-27 06:00:00.0000,SUSPECTED,60
2020-03-27 07:00:00.0000,IN PROGRESS,105
2020-03-27 07:00:00.0000,NEGATIVE,222
2020-03-27 07:00:00.0000,POSITIVE,39
2020-03-27 07:00:00.0000,SUSPECTED,60
2020-03-27 08:00:00.0000,IN PROGRESS,100
2020-03-27 08:00:00.0000,NEGATIVE,227
2020-03-27 08:00:00.0000,POSITIVE,39
2020-03-27 08:00:00.0000,SUSPECTED,61
2020-03-27 09:00:00.0000,IN PROGRESS,93
2020-03-27 09:00:00.0000,NEGATIVE,234
2020-03-27 09:00:00.0000,POSITIVE,39
2020-03-27 09:00:00.0000,SUSPECTED,61
2020-03-27 10:00:00.0000,IN PROGRESS,94
2020-03-27 10:00:00.0000,NEGATIVE,234
2020-03-27 10:00:00.0000,POSITIVE,39
2020-03-27 10:00:00.0000,SUSPECTED,61
2020-03-27 11:00:00.0000,IN PROGRESS,94
2020-03-27 11:00:00.0000,NEGATIVE,234
2020-03-27 11:00:00.0000,POSITIVE,40
2020-03-27 11:00:00.0000,SUSPECTED,61
2020-03-27 12:00:00.0000,IN PROGRESS,95
2020-03-27 12:00:00.0000,NEGATIVE,234
2020-03-27 12:00:00.0000,POSITIVE,40
2020-03-27 12:00:00.0000,SUSPECTED,61
2020-03-27 13:00:00.0000,IN PROGRESS,95
2020-03-27 13:00:00.0000,NEGATIVE,234
2020-03-27 13:00:00.0000,POSITIVE,40
2020-03-27 13:00:00.0000,SUSPECTED,62
2020-03-27 14:00:00.0000,IN PROGRESS,96
2020-03-27 14:00:00.0000,NEGATIVE,234
2020-03-27 14:00:00.0000,POSITIVE,41
2020-03-27 14:00:00.0000,SUSPECTED,62
2020-03-27 15:00:00.0000,IN PROGRESS,96
2020-03-27 15:00:00.0000,NEGATIVE,234
2020-03-27 15:00:00.0000,POSITIVE,41
2020-03-27 15:00:00.0000,SUSPECTED,63
2020-03-27 16:00:00.0000,IN PROGRESS,100
2020-03-27 16:00:00.0000,NEGATIVE,241
2020-03-27 16:00:00.0000,POSITIVE,42
2020-03-27 16:00:00.0000,SUSPECTED,62
2020-03-27 17:00:00.0000,IN PROGRESS,87
2020-03-27 17:00:00.0000,NEGATIVE,252
2020-03-27 17:00:00.0000,POSITIVE,44
2020-03-27 17:00:00.0000,SUSPECTED,63
2020-03-27 18:00:00.0000,IN PROGRESS,87
2020-03-27 18:00:00.0000,NEGATIVE,252
2020-03-27 18:00:00.0000,POSITIVE,45
2020-03-27 18:00:00.0000,SUSPECTED,63
2020-03-27 19:00:00.0000,IN PROGRESS,87
2020-03-27 19:00:00.0000,NEGATIVE,257
2020-03-27 19:00:00.0000,POSITIVE,45
2020-03-27 19:00:00.0000,SUSPECTED,65
2020-03-27 20:00:00.0000,IN PROGRESS,89
2020-03-27 20:00:00.0000,NEGATIVE,257
2020-03-27 20:00:00.0000,POSITIVE,45
2020-03-27 20:00:00.0000,SUSPECTED,64
2020-03-27 21:00:00.0000,IN PROGRESS,89
2020-03-27 21:00:00.0000,NEGATIVE,257
2020-03-27 21:00:00.0000,POSITIVE,45
2020-03-27 21:00:00.0000,SUSPECTED,65
2020-03-27 22:00:00.0000,IN PROGRESS,81
2020-03-27 22:00:00.0000,NEGATIVE,263
2020-03-27 22:00:00.0000,POSITIVE,48
2020-03-27 22:00:00.0000,SUSPECTED,65
2020-03-27 23:00:00.0000,IN PROGRESS,62
2020-03-27 23:00:00.0000,NEGATIVE,280
2020-03-27 23:00:00.0000,POSITIVE,50
2020-03-27 23:00:00.0000,SUSPECTED,65
2020-03-28 00:00:00.0000,IN PROGRESS,61
2020-03-28 00:00:00.0000,NEGATIVE,280
2020-03-28 00:00:00.0000,POSITIVE,51
2020-03-28 00:00:00.0000,SUSPECTED,65
2020-03-28 01:00:00.0000,IN PROGRESS,62
2020-03-28 01:00:00.0000,NEGATIVE,280
2020-03-28 01:00:00.0000,POSITIVE,51
2020-03-28 01:00:00.0000,SUSPECTED,64
2020-03-28 02:00:00.0000,IN PROGRESS,62
2020-03-28 02:00:00.0000,NEGATIVE,280
2020-03-28 02:00:00.0000,POSITIVE,51
2020-03-28 02:00:00.0000,SUSPECTED,64
2020-03-28 03:00:00.0000,IN PROGRESS,62
2020-03-28 03:00:00.0000,NEGATIVE,280
2020-03-28 03:00:00.0000,POSITIVE,51
2020-03-28 03:00:00.0000,SUSPECTED,66
2020-03-28 04:00:00.0000,IN PROGRESS,62
2020-03-28 04:00:00.0000,NEGATIVE,280
2020-03-28 04:00:00.0000,POSITIVE,51
2020-03-28 04:00:00.0000,SUSPECTED,66
2020-03-28 05:00:00.0000,IN PROGRESS,62
2020-03-28 05:00:00.0000,NEGATIVE,280
2020-03-28 05:00:00.0000,POSITIVE,51
2020-03-28 05:00:00.0000,SUSPECTED,66
2020-03-28 06:00:00.0000,IN PROGRESS,62
2020-03-28 06:00:00.0000,NEGATIVE,280
2020-03-28 06:00:00.0000,POSITIVE,51
2020-03-28 06:00:00.0000,SUSPECTED,67
2020-03-28 07:00:00.0000,IN PROGRESS,63
2020-03-28 07:00:00.0000,NEGATIVE,280
2020-03-28 07:00:00.0000,POSITIVE,51
2020-03-28 07:00:00.0000,SUSPECTED,66
2020-03-28 08:00:00.0000,IN PROGRESS,64
2020-03-28 08:00:00.0000,NEGATIVE,280
2020-03-28 08:00:00.0000,POSITIVE,51
2020-03-28 08:00:00.0000,SUSPECTED,65
2020-03-28 09:00:00.0000,IN PROGRESS,64
2020-03-28 09:00:00.0000,NEGATIVE,280
2020-03-28 09:00:00.0000,POSITIVE,51
2020-03-28 09:00:00.0000,SUSPECTED,65
2020-03-28 10:00:00.0000,IN PROGRESS,64
2020-03-28 10:00:00.0000,NEGATIVE,280
2020-03-28 10:00:00.0000,POSITIVE,51
2020-03-28 10:00:00.0000,SUSPECTED,65
2020-03-28 11:00:00.0000,IN PROGRESS,64
2020-03-28 11:00:00.0000,NEGATIVE,280
2020-03-28 11:00:00.0000,POSITIVE,51
2020-03-28 11:00:00.0000,SUSPECTED,66
2020-03-28 12:00:00.0000,IN PROGRESS,63
2020-03-28 12:00:00.0000,NEGATIVE,281
2020-03-28 12:00:00.0000,POSITIVE,51
2020-03-28 12:00:00.0000,SUSPECTED,66
2020-03-28 13:00:00.0000,IN PROGRESS,63
2020-03-28 13:00:00.0000,NEGATIVE,281
2020-03-28 13:00:00.0000,POSITIVE,51
2020-03-28 13:00:00.0000,SUSPECTED,66
2020-03-28 14:00:00.0000,IN PROGRESS,65
2020-03-28 14:00:00.0000,NEGATIVE,282
2020-03-28 14:00:00.0000,POSITIVE,52
2020-03-28 14:00:00.0000,SUSPECTED,65
2020-03-28 15:00:00.0000,IN PROGRESS,65
2020-03-28 15:00:00.0000,NEGATIVE,282
2020-03-28 15:00:00.0000,POSITIVE,52
2020-03-28 15:00:00.0000,SUSPECTED,65
2020-03-28 16:00:00.0000,IN PROGRESS,65
2020-03-28 16:00:00.0000,NEGATIVE,285
2020-03-28 16:00:00.0000,POSITIVE,52
2020-03-28 16:00:00.0000,SUSPECTED,68
2020-03-28 17:00:00.0000,IN PROGRESS,63
2020-03-28 17:00:00.0000,NEGATIVE,288
2020-03-28 17:00:00.0000,POSITIVE,52
2020-03-28 17:00:00.0000,SUSPECTED,67
2020-03-28 18:00:00.0000,IN PROGRESS,64
2020-03-28 18:00:00.0000,NEGATIVE,288
2020-03-28 18:00:00.0000,POSITIVE,53
2020-03-28 18:00:00.0000,SUSPECTED,67
2020-03-28 19:00:00.0000,IN PROGRESS,64
2020-03-28 19:00:00.0000,NEGATIVE,289
2020-03-28 19:00:00.0000,POSITIVE,53
2020-03-28 19:00:00.0000,SUSPECTED,67
2020-03-28 20:00:00.0000,IN PROGRESS,65
2020-03-28 20:00:00.0000,NEGATIVE,290
2020-03-28 20:00:00.0000,POSITIVE,55
2020-03-28 20:00:00.0000,SUSPECTED,67
2020-03-28 21:00:00.0000,IN PROGRESS,65
2020-03-28 21:00:00.0000,NEGATIVE,290
2020-03-28 21:00:00.0000,POSITIVE,55
2020-03-28 21:00:00.0000,SUSPECTED,67
2020-03-28 22:00:00.0000,IN PROGRESS,65
2020-03-28 22:00:00.0000,NEGATIVE,290
2020-03-28 22:00:00.0000,POSITIVE,55
2020-03-28 22:00:00.0000,SUSPECTED,69
2020-03-28 23:00:00.0000,IN PROGRESS,65
2020-03-28 23:00:00.0000,NEGATIVE,290
2020-03-28 23:00:00.0000,POSITIVE,56
2020-03-28 23:00:00.0000,SUSPECTED,70
2020-03-29 00:00:00.0000,IN PROGRESS,67
2020-03-29 00:00:00.0000,NEGATIVE,290
2020-03-29 00:00:00.0000,POSITIVE,55
2020-03-29 00:00:00.0000,SUSPECTED,72
2020-03-29 01:00:00.0000,IN PROGRESS,67
2020-03-29 01:00:00.0000,NEGATIVE,290
2020-03-29 01:00:00.0000,POSITIVE,55
2020-03-29 01:00:00.0000,SUSPECTED,73
2020-03-29 02:00:00.0000,IN PROGRESS,67
2020-03-29 02:00:00.0000,NEGATIVE,290
2020-03-29 02:00:00.0000,POSITIVE,55
2020-03-29 02:00:00.0000,SUSPECTED,73
2020-03-29 03:00:00.0000,IN PROGRESS,68
2020-03-29 03:00:00.0000,NEGATIVE,290
2020-03-29 03:00:00.0000,POSITIVE,55
2020-03-29 03:00:00.0000,SUSPECTED,73
2020-03-29 04:00:00.0000,IN PROGRESS,68
2020-03-29 04:00:00.0000,NEGATIVE,290
2020-03-29 04:00:00.0000,POSITIVE,55
2020-03-29 04:00:00.0000,SUSPECTED,73
2020-03-29 05:00:00.0000,IN PROGRESS,68
2020-03-29 05:00:00.0000,NEGATIVE,290
2020-03-29 05:00:00.0000,POSITIVE,55
2020-03-29 05:00:00.0000,SUSPECTED,73
2020-03-29 06:00:00.0000,IN PROGRESS,68
2020-03-29 06:00:00.0000,NEGATIVE,290
2020-03-29 06:00:00.0000,POSITIVE,55
2020-03-29 06:00:00.0000,SUSPECTED,73
2020-03-29 07:00:00.0000,IN PROGRESS,68
2020-03-29 07:00:00.0000,NEGATIVE,290
2020-03-29 07:00:00.0000,POSITIVE,55
2020-03-29 07:00:00.0000,SUSPECTED,73
2020-03-29 08:00:00.0000,IN PROGRESS,68
2020-03-29 08:00:00.0000,NEGATIVE,290
2020-03-29 08:00:00.0000,POSITIVE,55
2020-03-29 08:00:00.0000,SUSPECTED,73
2020-03-29 09:00:00.0000,IN PROGRESS,68
2020-03-29 09:00:00.0000,NEGATIVE,290
2020-03-29 09:00:00.0000,POSITIVE,55
2020-03-29 09:00:00.0000,SUSPECTED,73
2020-03-29 10:00:00.0000,IN PROGRESS,68
2020-03-29 10:00:00.0000,NEGATIVE,290
2020-03-29 10:00:00.0000,POSITIVE,55
2020-03-29 10:00:00.0000,SUSPECTED,73
2020-03-29 11:00:00.0000,IN PROGRESS,70
2020-03-29 11:00:00.0000,NEGATIVE,290
2020-03-29 11:00:00.0000,POSITIVE,55
2020-03-29 11:00:00.0000,SUSPECTED,74
2020-03-29 12:00:00.0000,IN PROGRESS,70
2020-03-29 12:00:00.0000,NEGATIVE,290
2020-03-29 12:00:00.0000,POSITIVE,55
2020-03-29 12:00:00.0000,SUSPECTED,74
2020-03-29 13:00:00.0000,IN PROGRESS,72
2020-03-29 13:00:00.0000,NEGATIVE,290
2020-03-29 13:00:00.0000,POSITIVE,56
2020-03-29 13:00:00.0000,SUSPECTED,74
2020-03-29 14:00:00.0000,IN PROGRESS,75
2020-03-29 14:00:00.0000,NEGATIVE,290
2020-03-29 14:00:00.0000,POSITIVE,56
2020-03-29 14:00:00.0000,SUSPECTED,73
2020-03-29 15:00:00.0000,IN PROGRESS,75
2020-03-29 15:00:00.0000,NEGATIVE,290
2020-03-29 15:00:00.0000,POSITIVE,56
2020-03-29 15:00:00.0000,SUSPECTED,74
2020-03-29 16:00:00.0000,IN PROGRESS,77
2020-03-29 16:00:00.0000,NEGATIVE,290
2020-03-29 16:00:00.0000,POSITIVE,55
2020-03-29 16:00:00.0000,SUSPECTED,73
2020-03-29 17:00:00.0000,IN PROGRESS,77
2020-03-29 17:00:00.0000,NEGATIVE,290
2020-03-29 17:00:00.0000,POSITIVE,55
2020-03-29 17:00:00.0000,SUSPECTED,73
2020-03-29 18:00:00.0000,IN PROGRESS,74
2020-03-29 18:00:00.0000,NEGATIVE,293
2020-03-29 18:00:00.0000,POSITIVE,57
2020-03-29 18:00:00.0000,SUSPECTED,74
2020-03-29 19:00:00.0000,IN PROGRESS,75
2020-03-29 19:00:00.0000,NEGATIVE,293
2020-03-29 19:00:00.0000,POSITIVE,57
2020-03-29 19:00:00.0000,SUSPECTED,74
2020-03-29 20:00:00.0000,IN PROGRESS,76
2020-03-29 20:00:00.0000,NEGATIVE,294
2020-03-29 20:00:00.0000,POSITIVE,57
2020-03-29 20:00:00.0000,SUSPECTED,75
2020-03-29 21:00:00.0000,IN PROGRESS,77
2020-03-29 21:00:00.0000,NEGATIVE,294
2020-03-29 21:00:00.0000,POSITIVE,57
2020-03-29 21:00:00.0000,SUSPECTED,74
2020-03-29 22:00:00.0000,IN PROGRESS,77
2020-03-29 22:00:00.0000,NEGATIVE,294
2020-03-29 22:00:00.0000,POSITIVE,57
2020-03-29 22:00:00.0000,SUSPECTED,74
2020-03-29 23:00:00.0000,IN PROGRESS,77
2020-03-29 23:00:00.0000,NEGATIVE,294
2020-03-29 23:00:00.0000,POSITIVE,57
2020-03-29 23:00:00.0000,SUSPECTED,74
2020-03-30 00:00:00.0000,IN PROGRESS,78
2020-03-30 00:00:00.0000,NEGATIVE,294
2020-03-30 00:00:00.0000,POSITIVE,57
2020-03-30 00:00:00.0000,SUSPECTED,98
2020-03-30 01:00:00.0000,IN PROGRESS,79
2020-03-30 01:00:00.0000,NEGATIVE,294
2020-03-30 01:00:00.0000,POSITIVE,57
2020-03-30 01:00:00.0000,SUSPECTED,98
2020-03-30 02:00:00.0000,IN PROGRESS,79
2020-03-30 02:00:00.0000,NEGATIVE,294
2020-03-30 02:00:00.0000,POSITIVE,57
2020-03-30 02:00:00.0000,SUSPECTED,98
2020-03-30 03:00:00.0000,IN PROGRESS,79
2020-03-30 03:00:00.0000,NEGATIVE,294
2020-03-30 03:00:00.0000,POSITIVE,57
2020-03-30 03:00:00.0000,SUSPECTED,98
2020-03-30 04:00:00.0000,IN PROGRESS,79
2020-03-30 04:00:00.0000,NEGATIVE,294
2020-03-30 04:00:00.0000,POSITIVE,57
2020-03-30 04:00:00.0000,SUSPECTED,98
2020-03-30 05:00:00.0000,IN PROGRESS,79
2020-03-30 05:00:00.0000,NEGATIVE,294
2020-03-30 05:00:00.0000,POSITIVE,57
2020-03-30 05:00:00.0000,SUSPECTED,98
2020-03-30 06:00:00.0000,IN PROGRESS,79
2020-03-30 06:00:00.0000,NEGATIVE,294
2020-03-30 06:00:00.0000,POSITIVE,57
2020-03-30 06:00:00.0000,SUSPECTED,98
2020-03-30 07:00:00.0000,IN PROGRESS,79
2020-03-30 07:00:00.0000,NEGATIVE,294
2020-03-30 07:00:00.0000,POSITIVE,57
2020-03-30 07:00:00.0000,SUSPECTED,98
2020-03-30 08:00:00.0000,IN PROGRESS,79
2020-03-30 08:00:00.0000,NEGATIVE,302
2020-03-30 08:00:00.0000,POSITIVE,58
2020-03-30 08:00:00.0000,SUSPECTED,93
2020-03-30 09:00:00.0000,IN PROGRESS,79
2020-03-30 09:00:00.0000,NEGATIVE,303
2020-03-30 09:00:00.0000,POSITIVE,58
2020-03-30 09:00:00.0000,SUSPECTED,93
2020-03-30 10:00:00.0000,IN PROGRESS,82
2020-03-30 10:00:00.0000,NEGATIVE,303
2020-03-30 10:00:00.0000,POSITIVE,59
2020-03-30 10:00:00.0000,SUSPECTED,93
2020-03-30 11:00:00.0000,IN PROGRESS,81
2020-03-30 11:00:00.0000,NEGATIVE,304
2020-03-30 11:00:00.0000,POSITIVE,62
2020-03-30 11:00:00.0000,SUSPECTED,92
2020-03-30 12:00:00.0000,IN PROGRESS,82
2020-03-30 12:00:00.0000,NEGATIVE,305
2020-03-30 12:00:00.0000,POSITIVE,62
2020-03-30 12:00:00.0000,SUSPECTED,93
2020-03-30 13:00:00.0000,IN PROGRESS,84
2020-03-30 13:00:00.0000,NEGATIVE,309
2020-03-30 13:00:00.0000,POSITIVE,62
2020-03-30 13:00:00.0000,SUSPECTED,94
2020-03-30 14:00:00.0000,IN PROGRESS,86
2020-03-30 14:00:00.0000,NEGATIVE,309
2020-03-30 14:00:00.0000,POSITIVE,62
2020-03-30 14:00:00.0000,SUSPECTED,94
2020-03-30 15:00:00.0000,IN PROGRESS,88
2020-03-30 15:00:00.0000,NEGATIVE,309
2020-03-30 15:00:00.0000,POSITIVE,61
2020-03-30 15:00:00.0000,SUSPECTED,96
2020-03-30 16:00:00.0000,IN PROGRESS,91
2020-03-30 16:00:00.0000,NEGATIVE,309
2020-03-30 16:00:00.0000,POSITIVE,61
2020-03-30 16:00:00.0000,SUSPECTED,96
2020-03-30 17:00:00.0000,IN PROGRESS,96
2020-03-30 17:00:00.0000,NEGATIVE,309
2020-03-30 17:00:00.0000,POSITIVE,61
2020-03-30 17:00:00.0000,SUSPECTED,94
2020-03-30 18:00:00.0000,IN PROGRESS,95
2020-03-30 18:00:00.0000,NEGATIVE,313
2020-03-30 18:00:00.0000,POSITIVE,62
2020-03-30 18:00:00.0000,SUSPECTED,95
2020-03-30 19:00:00.0000,IN PROGRESS,98
2020-03-30 19:00:00.0000,NEGATIVE,313
2020-03-30 19:00:00.0000,POSITIVE,62
2020-03-30 19:00:00.0000,SUSPECTED,94
2020-03-30 20:00:00.0000,IN PROGRESS,100
2020-03-30 20:00:00.0000,NEGATIVE,313
2020-03-30 20:00:00.0000,POSITIVE,62
2020-03-30 20:00:00.0000,SUSPECTED,94
2020-03-30 21:00:00.0000,IN PROGRESS,100
2020-03-30 21:00:00.0000,NEGATIVE,318
2020-03-30 21:00:00.0000,POSITIVE,63
2020-03-30 21:00:00.0000,SUSPECTED,95
2020-03-30 22:00:00.0000,IN PROGRESS,98
2020-03-30 22:00:00.0000,NEGATIVE,322
2020-03-30 22:00:00.0000,POSITIVE,66
2020-03-30 22:00:00.0000,SUSPECTED,95
2020-03-30 23:00:00.0000,IN PROGRESS,101
2020-03-30 23:00:00.0000,NEGATIVE,322
2020-03-30 23:00:00.0000,POSITIVE,66
2020-03-30 23:00:00.0000,SUSPECTED,95
2020-03-31 00:00:00.0000,IN PROGRESS,101
2020-03-31 00:00:00.0000,NEGATIVE,322
2020-03-31 00:00:00.0000,POSITIVE,66
2020-03-31 00:00:00.0000,SUSPECTED,103
2020-03-31 01:00:00.0000,IN PROGRESS,101
2020-03-31 01:00:00.0000,NEGATIVE,322
2020-03-31 01:00:00.0000,POSITIVE,66
2020-03-31 01:00:00.0000,SUSPECTED,103
2020-03-31 02:00:00.0000,IN PROGRESS,101
2020-03-31 02:00:00.0000,NEGATIVE,322
2020-03-31 02:00:00.0000,POSITIVE,66
2020-03-31 02:00:00.0000,SUSPECTED,103
2020-03-31 03:00:00.0000,IN PROGRESS,101
2020-03-31 03:00:00.0000,NEGATIVE,322
2020-03-31 03:00:00.0000,POSITIVE,66
2020-03-31 03:00:00.0000,SUSPECTED,103
2020-03-31 04:00:00.0000,IN PROGRESS,101
2020-03-31 04:00:00.0000,NEGATIVE,331
2020-03-31 04:00:00.0000,POSITIVE,66
2020-03-31 04:00:00.0000,SUSPECTED,102
2020-03-31 05:00:00.0000,IN PROGRESS,101
2020-03-31 05:00:00.0000,NEGATIVE,334
2020-03-31 05:00:00.0000,POSITIVE,66
2020-03-31 05:00:00.0000,SUSPECTED,103
2020-03-31 06:00:00.0000,IN PROGRESS,101
2020-03-31 06:00:00.0000,NEGATIVE,334
2020-03-31 06:00:00.0000,POSITIVE,66
2020-03-31 06:00:00.0000,SUSPECTED,103
2020-03-31 07:00:00.0000,IN PROGRESS,101
2020-03-31 07:00:00.0000,NEGATIVE,334
2020-03-31 07:00:00.0000,POSITIVE,66
2020-03-31 07:00:00.0000,SUSPECTED,103
2020-03-31 08:00:00.0000,IN PROGRESS,100
2020-03-31 08:00:00.0000,NEGATIVE,335
2020-03-31 08:00:00.0000,POSITIVE,66
2020-03-31 08:00:00.0000,SUSPECTED,103
2020-03-31 09:00:00.0000,IN PROGRESS,95
2020-03-31 09:00:00.0000,NEGATIVE,339
2020-03-31 09:00:00.0000,POSITIVE,67
2020-03-31 09:00:00.0000,SUSPECTED,103
2020-03-31 10:00:00.0000,IN PROGRESS,93
2020-03-31 10:00:00.0000,NEGATIVE,353
2020-03-31 10:00:00.0000,POSITIVE,70
2020-03-31 10:00:00.0000,SUSPECTED,102
2020-03-31 11:00:00.0000,IN PROGRESS,92
2020-03-31 11:00:00.0000,NEGATIVE,354
2020-03-31 11:00:00.0000,POSITIVE,70
2020-03-31 11:00:00.0000,SUSPECTED,102
2020-03-31 12:00:00.0000,IN PROGRESS,93
2020-03-31 12:00:00.0000,NEGATIVE,354
2020-03-31 12:00:00.0000,POSITIVE,72
2020-03-31 12:00:00.0000,SUSPECTED,102
2020-03-31 13:00:00.0000,IN PROGRESS,93
2020-03-31 13:00:00.0000,NEGATIVE,354
2020-03-31 13:00:00.0000,POSITIVE,73
2020-03-31 13:00:00.0000,SUSPECTED,102
2020-03-31 14:00:00.0000,IN PROGRESS,95
2020-03-31 14:00:00.0000,NEGATIVE,355
2020-03-31 14:00:00.0000,POSITIVE,73
2020-03-31 14:00:00.0000,SUSPECTED,102
2020-03-31 15:00:00.0000,IN PROGRESS,96
2020-03-31 15:00:00.0000,NEGATIVE,356
2020-03-31 15:00:00.0000,POSITIVE,74
2020-03-31 15:00:00.0000,SUSPECTED,102
2020-03-31 16:00:00.0000,IN PROGRESS,95
2020-03-31 16:00:00.0000,NEGATIVE,356
2020-03-31 16:00:00.0000,POSITIVE,77
2020-03-31 16:00:00.0000,SUSPECTED,102
2020-03-31 17:00:00.0000,IN PROGRESS,94
2020-03-31 17:00:00.0000,NEGATIVE,359
2020-03-31 17:00:00.0000,POSITIVE,79
2020-03-31 17:00:00.0000,SUSPECTED,101
2020-03-31 18:00:00.0000,IN PROGRESS,95
2020-03-31 18:00:00.0000,NEGATIVE,360
2020-03-31 18:00:00.0000,POSITIVE,78
2020-03-31 18:00:00.0000,SUSPECTED,102
2020-03-31 19:00:00.0000,IN PROGRESS,96
2020-03-31 19:00:00.0000,NEGATIVE,360
2020-03-31 19:00:00.0000,POSITIVE,78
2020-03-31 19:00:00.0000,SUSPECTED,103
2020-03-31 20:00:00.0000,IN PROGRESS,93
2020-03-31 20:00:00.0000,NEGATIVE,362
2020-03-31 20:00:00.0000,POSITIVE,79
2020-03-31 20:00:00.0000,SUSPECTED,104
2020-03-31 21:00:00.0000,IN PROGRESS,89
2020-03-31 21:00:00.0000,NEGATIVE,366
2020-03-31 21:00:00.0000,POSITIVE,80
2020-03-31 21:00:00.0000,SUSPECTED,104
2020-03-31 22:00:00.0000,IN PROGRESS,91
2020-03-31 22:00:00.0000,NEGATIVE,366
2020-03-31 22:00:00.0000,POSITIVE,80
2020-03-31 22:00:00.0000,SUSPECTED,105
2020-03-31 23:00:00.0000,IN PROGRESS,93
2020-03-31 23:00:00.0000,NEGATIVE,368
2020-03-31 23:00:00.0000,POSITIVE,80
2020-03-31 23:00:00.0000,SUSPECTED,104
2020-04-01 00:00:00.0000,IN PROGRESS,94
2020-04-01 00:00:00.0000,NEGATIVE,371
2020-04-01 00:00:00.0000,POSITIVE,81
2020-04-01 00:00:00.0000,SUSPECTED,105
2020-04-01 01:00:00.0000,IN PROGRESS,94
2020-04-01 01:00:00.0000,NEGATIVE,371
2020-04-01 01:00:00.0000,POSITIVE,81
2020-04-01 01:00:00.0000,SUSPECTED,105
2020-04-01 02:00:00.0000,IN PROGRESS,94
2020-04-01 02:00:00.0000,NEGATIVE,371
2020-04-01 02:00:00.0000,POSITIVE,81
2020-04-01 02:00:00.0000,SUSPECTED,105
2020-04-01 03:00:00.0000,IN PROGRESS,94
2020-04-01 03:00:00.0000,NEGATIVE,373
2020-04-01 03:00:00.0000,POSITIVE,81
2020-04-01 03:00:00.0000,SUSPECTED,105
2020-04-01 04:00:00.0000,IN PROGRESS,94
2020-04-01 04:00:00.0000,NEGATIVE,374
2020-04-01 04:00:00.0000,POSITIVE,81
2020-04-01 04:00:00.0000,SUSPECTED,105
2020-04-01 05:00:00.0000,IN PROGRESS,94
2020-04-01 05:00:00.0000,NEGATIVE,374
2020-04-01 05:00:00.0000,POSITIVE,81
2020-04-01 05:00:00.0000,SUSPECTED,105
2020-04-01 06:00:00.0000,IN PROGRESS,94
2020-04-01 06:00:00.0000,NEGATIVE,374
2020-04-01 06:00:00.0000,POSITIVE,81
2020-04-01 06:00:00.0000,SUSPECTED,105
2020-04-01 07:00:00.0000,IN PROGRESS,92
2020-04-01 07:00:00.0000,NEGATIVE,375
2020-04-01 07:00:00.0000,POSITIVE,82
2020-04-01 07:00:00.0000,SUSPECTED,105
2020-04-01 08:00:00.0000,IN PROGRESS,93
2020-04-01 08:00:00.0000,NEGATIVE,375
2020-04-01 08:00:00.0000,POSITIVE,82
2020-04-01 08:00:00.0000,SUSPECTED,105
2020-04-01 09:00:00.0000,IN PROGRESS,91
2020-04-01 09:00:00.0000,NEGATIVE,378
2020-04-01 09:00:00.0000,POSITIVE,82
2020-04-01 09:00:00.0000,SUSPECTED,105
2020-04-01 10:00:00.0000,IN PROGRESS,95
2020-04-01 10:00:00.0000,NEGATIVE,378
2020-04-01 10:00:00.0000,POSITIVE,82
2020-04-01 10:00:00.0000,SUSPECTED,105
2020-04-01 11:00:00.0000,IN PROGRESS,96
2020-04-01 11:00:00.0000,NEGATIVE,378
2020-04-01 11:00:00.0000,POSITIVE,82
2020-04-01 11:00:00.0000,SUSPECTED,105
